Year,Month,Avg_Price_EUR,BEV_Share,Premium_Share,GDP_Growth,Fuel_Price_Index,Region_China,Region_Europe,Region_RestOfWorld,Region_USA,Model_3 Series,Model_5 Series,Model_MINI,Model_X3,Model_X5,Model_X7,Model_i4,Model_iX,predicted_units_sold,actual_units_sold
1.5350750788129237,0.4341651127480217,0.0400803355724461,1.6396604248100648,0.561956065127389,-1.9583935434374915,1.473373613512342,1.0,0.0,0.0,0.0,0.0,0.0,0.0,0.0,0.0,0.0,1.0,0.0,9130.323783428932,8180
-1.112667736628482,-0.1452607050100457,0.0094932780024518,-1.101647736174573,-0.033554471088652,-0.2670004425556476,-0.7479324168922078,1.0,0.0,0.0,0.0,0.0,0.0,0.0,0.0,0.0,0.0,1.0,0.0,7905.328483704468,4398
0.6524941403324551,1.013590930506089,-0.0494526408907159,0.6793295403886946,0.6677009266984618,-1.3683726942926624,0.0209812090170581,1.0,0.0,0.0,0.0,0.0,0.0,0.0,0.0,0.0,0.0,1.0,0.0,8711.871726343377,6463
0.2112036710922208,0.1444522038689879,-0.2131913044828488,0.4348816788996189,1.146335563283317,-2.912260582888299,0.362720598310066,0.0,0.0,0.0,1.0,0.0,1.0,0.0,0.0,0.0,0.0,0.0,0.0,7727.517721899343,3711
1.0937846095726895,-1.3041123405261807,-1.5201296848908172,0.9936196480175068,0.8699147847905131,-0.91602337661496,1.2170690715425858,1.0,0.0,0.0,0.0,0.0,0.0,1.0,0.0,0.0,0.0,0.0,0.0,8274.08241006877,7622
-1.112667736628482,-0.7246865227681133,-0.5132550657213801,-0.6651336978012228,-1.4787342458933124,0.372188810684584,-0.8333672642154598,0.0,0.0,1.0,0.0,0.0,0.0,0.0,1.0,0.0,0.0,0.0,0.0,6796.043344432079,3668
-0.6713772673882478,-1.5938252494052143,0.0984860856785059,-0.647673136266289,0.0592041794122889,-0.0998278686312794,-1.0042369588619635,0.0,0.0,0.0,1.0,0.0,0.0,0.0,0.0,0.0,0.0,1.0,0.0,7993.36153227479,4463
-0.2300867981480135,1.013590930506089,0.0001078453264491,-0.2111590978929389,0.5563905460973324,-1.338871651835421,-0.3207581802759497,0.0,0.0,0.0,1.0,0.0,0.0,0.0,0.0,0.0,0.0,1.0,0.0,8200.357732268476,8883
0.2112036710922208,-0.1452607050100457,-1.4592256541443829,0.0332887635961369,0.5007353557967678,-1.8895577777039283,0.191850903663562,1.0,0.0,0.0,0.0,0.0,0.0,1.0,0.0,0.0,0.0,0.0,0.0,8202.526372602917,14670
1.5350750788129237,1.3033038393851228,-0.5374276189444661,1.5523576171353948,0.4970250097767301,1.1392159145728618,1.9005478501286,0.0,1.0,0.0,0.0,0.0,0.0,0.0,1.0,0.0,0.0,0.0,0.0,8156.828018010088,4583
-0.6713772673882478,1.013590930506089,0.3837627263699539,-0.7349759439409588,0.7623147502094213,-1.181532758730133,-0.6624975695689558,0.0,0.0,0.0,1.0,0.0,0.0,0.0,0.0,1.0,0.0,0.0,0.0,7767.053523010592,3514
1.5350750788129237,1.5930167482641566,-0.4015076478883987,1.6221998632751309,-0.0391199901187083,-0.3358362082892109,1.3025039188658378,1.0,0.0,0.0,0.0,0.0,0.0,0.0,1.0,0.0,0.0,0.0,0.0,8857.937899601318,7385
-0.2300867981480135,1.013590930506089,-0.3192669500511955,-0.263540782497741,0.4543560305462972,0.4410245764181472,0.191850903663562,1.0,0.0,0.0,0.0,0.0,0.0,0.0,1.0,0.0,0.0,0.0,0.0,7853.189877555073,3811
-1.5539582058687165,-0.1452607050100457,-1.0428230403824514,-1.2587927899889788,1.0127631065619622,-0.1686636343648427,-1.5168460428014756,1.0,0.0,0.0,0.0,1.0,0.0,0.0,0.0,0.0,0.0,0.0,0.0,7149.232406212459,4950
-0.6713772673882478,-1.5938252494052143,-0.0056989691349625,-0.6651336978012228,-0.1003406994493294,-2.371408137838872,-0.5770627222457039,1.0,0.0,0.0,0.0,0.0,0.0,0.0,0.0,0.0,0.0,1.0,0.0,8067.383505494614,10405
-1.5539582058687165,-0.4349736138890795,0.8123866589402051,-1.6603857052924609,0.8662044387704756,-0.2768341233747283,-1.2605415008317198,0.0,1.0,0.0,0.0,0.0,0.0,0.0,0.0,0.0,0.0,0.0,1.0,7206.577687395599,3483
0.6524941403324551,-1.3041123405261807,0.3055732944360612,0.6967901019236287,1.0702734698725451,0.332854087408262,0.7044599876030739,0.0,0.0,0.0,1.0,0.0,0.0,0.0,0.0,1.0,0.0,0.0,0.0,7925.013437194818,12166
-1.5539582058687165,-0.1452607050100457,-0.0549893709585736,-1.6953068283623287,1.0127631065619622,-0.1686636343648427,-1.5168460428014756,1.0,0.0,0.0,0.0,0.0,0.0,0.0,0.0,0.0,0.0,1.0,0.0,7390.717153310993,8871
1.5350750788129237,-1.3041123405261807,-0.3499890498179668,1.6047393017401967,0.0406524493121007,0.5885297887043549,1.729678155482096,0.0,0.0,0.0,1.0,0.0,0.0,0.0,1.0,0.0,0.0,0.0,0.0,8420.70604130194,12061
1.5350750788129237,0.7238780216270554,-0.2358783935413876,1.0460013326223088,0.1111490236928157,-0.4636740589372576,1.473373613512342,0.0,0.0,0.0,1.0,0.0,1.0,0.0,0.0,0.0,0.0,0.0,0.0,8747.978107791076,13033
-1.5539582058687165,1.3033038393851228,0.2605367218109261,-1.4508589668732526,0.8587837467303998,1.2768874460399893,-1.6022808901247276,1.0,0.0,0.0,0.0,0.0,0.0,0.0,0.0,1.0,0.0,0.0,0.0,7259.43993032917,9956
1.5350750788129237,-1.3041123405261807,-1.1525448252637776,1.5174364940655267,0.2484318264342083,-1.8895577777039283,1.729678155482096,0.0,1.0,0.0,0.0,1.0,0.0,0.0,0.0,0.0,0.0,0.0,0.0,8383.77963385478,12638
-0.2300867981480135,-0.7246865227681133,1.8426910992504548,-0.263540782497741,0.3115077087748482,0.9228749365530914,0.0209812090170581,0.0,0.0,0.0,1.0,0.0,0.0,0.0,0.0,0.0,1.0,0.0,0.0,7813.614753358454,10337
-1.112667736628482,1.013590930506089,0.6312950730622257,-1.188950543849243,1.1426252172632794,1.227719041944586,-1.2605415008317198,0.0,1.0,0.0,0.0,0.0,0.0,0.0,0.0,0.0,0.0,0.0,1.0,7277.43172676114,4303
0.6524941403324551,0.7238780216270554,-0.3982666351657503,0.3999605558297509,-1.6846584500054012,-1.1520317162728917,0.875329682249578,0.0,0.0,1.0,0.0,0.0,0.0,0.0,1.0,0.0,0.0,0.0,0.0,8101.614734341142,7870
-1.112667736628482,0.1444522038689879,0.1166492611450146,-1.1714899823143088,-0.0521062011888401,-1.1126969929965698,-1.0042369588619635,0.0,0.0,0.0,1.0,0.0,0.0,0.0,0.0,0.0,0.0,1.0,0.0,7993.9761521966575,3675
0.2112036710922208,1.013590930506089,-0.5283122706620175,0.120591571270807,-1.695789488065514,0.4213572147799866,-0.1498884856294458,0.0,0.0,1.0,0.0,0.0,0.0,0.0,1.0,0.0,0.0,0.0,0.0,7784.622432454074,8225
0.6524941403324551,1.5930167482641566,-1.4039258745641945,0.4872633635044209,0.5471146810472381,0.5295277037898719,0.191850903663562,1.0,0.0,0.0,0.0,0.0,0.0,1.0,0.0,0.0,0.0,0.0,0.0,8599.703041777759,9869
1.0937846095726895,-0.1452607050100457,-0.0756508270654572,1.1682252633668464,-1.432354920642842,-0.0506594645358771,1.1316342242193338,0.0,0.0,1.0,0.0,0.0,0.0,0.0,0.0,0.0,0.0,1.0,0.0,8492.30893678822,13600
0.6524941403324551,1.3033038393851228,-1.4122984907643694,0.5920267327140245,0.2688387295444153,-0.6505139944997869,0.448155445633318,0.0,1.0,0.0,0.0,0.0,0.0,1.0,0.0,0.0,0.0,0.0,0.0,8355.001796912755,5870
1.5350750788129237,1.5930167482641566,0.0205667381381672,2.0063322170436786,-0.0391199901187083,-0.3358362082892109,1.3025039188658378,1.0,0.0,0.0,0.0,0.0,0.0,0.0,0.0,0.0,0.0,1.0,0.0,9304.793564183852,15420
-1.112667736628482,-1.014399431647147,-1.3784028993733382,-1.2762533515239127,-1.4453411317129736,-0.1686636343648427,-0.9188021115387116,0.0,0.0,1.0,0.0,0.0,0.0,1.0,0.0,0.0,0.0,0.0,0.0,7310.323617280197,6219
-1.5539582058687165,-1.3041123405261807,0.1974044948176707,-1.4508589668732526,0.1983421551637003,1.060546468020218,-1.3459763481549716,0.0,0.0,0.0,1.0,0.0,0.0,0.0,0.0,1.0,0.0,0.0,0.0,6987.801613860877,11247
1.0937846095726895,0.4341651127480217,-1.61688741888155,1.1158435787620444,0.1334110998130417,0.3623551298655037,1.3025039188658378,0.0,1.0,0.0,0.0,0.0,0.0,1.0,0.0,0.0,0.0,0.0,0.0,8205.967426222924,5396
1.0937846095726895,1.5930167482641566,0.248315403002606,1.1333041402969783,-1.6011756645545543,1.5620641897933234,1.473373613512342,0.0,0.0,1.0,0.0,0.0,0.0,0.0,0.0,1.0,0.0,0.0,0.0,8394.17500589049,12425
1.5350750788129237,1.5930167482641566,0.7148186717688105,1.6571209863449987,-0.0391199901187083,-0.3358362082892109,1.3025039188658378,1.0,0.0,0.0,0.0,0.0,0.0,0.0,0.0,0.0,0.0,0.0,1.0,9284.331049182558,11861
-1.5539582058687165,-1.3041123405261807,1.845121858792441,-1.5207012130129889,1.1147976221129974,-0.3948382932036939,-1.6877157374479796,1.0,0.0,0.0,0.0,0.0,0.0,0.0,0.0,0.0,1.0,0.0,0.0,7110.954781423326,3038
0.6524941403324551,1.5930167482641566,-1.3868430366719018,0.4174211173646849,-0.0892096613892167,-1.1913664395492134,0.789894834926326,0.0,1.0,0.0,0.0,0.0,0.0,1.0,0.0,0.0,0.0,0.0,0.0,8517.356192688785,11393
-1.5539582058687165,0.7238780216270554,-0.2246698912088952,-1.3635561591985828,0.1055835046627594,-0.3850046123846136,-1.6022808901247276,0.0,1.0,0.0,0.0,0.0,1.0,0.0,0.0,0.0,0.0,0.0,0.0,7061.287084683387,9915
-1.5539582058687165,-1.3041123405261807,0.4344035501613352,-1.8349913206418005,1.1147976221129974,-0.3948382932036939,-1.6877157374479796,1.0,0.0,0.0,0.0,0.0,0.0,0.0,0.0,1.0,0.0,0.0,0.0,7249.186401780892,3929
0.2112036710922208,-1.5938252494052143,-0.5578189906577957,0.5745661711790906,1.103666584052884,1.4833947432406795,0.191850903663562,0.0,0.0,0.0,1.0,0.0,0.0,0.0,1.0,0.0,0.0,0.0,0.0,7199.216630908986,10062
1.0937846095726895,-1.5938252494052143,-0.4832081769384939,1.0460013326223088,0.5025905288067868,0.5983634695234352,1.3879387661890898,1.0,0.0,0.0,0.0,0.0,0.0,0.0,1.0,0.0,0.0,0.0,0.0,8044.465356856036,7802
-0.6713772673882478,0.4341651127480217,-0.0718696455557007,-0.6825942593361568,0.537838815997144,0.5786961078852741,-0.9188021115387116,1.0,0.0,0.0,0.0,0.0,1.0,0.0,0.0,0.0,0.0,0.0,0.0,7788.030751118604,3891
1.0937846095726895,-0.4349736138890795,0.0455495445419153,1.1507647018319125,-1.6271480866948178,-1.0733622697202478,1.3025039188658378,0.0,0.0,1.0,0.0,0.0,0.0,0.0,0.0,0.0,0.0,1.0,0.0,8663.204896634903,12217
-0.2300867981480135,-1.3041123405261807,0.0527743020694857,-0.1762379748230709,-1.4583273427831052,-0.2571667617365674,0.1064160563403101,0.0,0.0,1.0,0.0,0.0,0.0,0.0,0.0,0.0,0.0,1.0,0.0,7889.428681407967,9411
0.6524941403324551,1.013590930506089,-0.0343954359500786,0.7666323480633647,-1.5900446264944414,2.024247188290106,0.53359029295657,0.0,0.0,1.0,0.0,0.0,1.0,0.0,0.0,0.0,0.0,0.0,0.0,8264.790969888285,6199
1.5350750788129237,-1.3041123405261807,-1.5712431563709182,1.2380675095065825,0.0406524493121007,0.5885297887043549,1.729678155482096,0.0,0.0,0.0,1.0,0.0,0.0,1.0,0.0,0.0,0.0,0.0,0.0,8521.35194184861,7938
1.5350750788129237,-0.7246865227681133,0.1624960869508118,1.1158435787620444,-1.6549756818451,0.3230204065891817,1.1316342242193338,0.0,0.0,1.0,0.0,0.0,0.0,0.0,0.0,0.0,0.0,1.0,0.0,9088.52992170367,9652
-0.6713772673882478,0.7238780216270554,-1.0661853404248751,-0.7524365054758928,1.0276044906421125,0.6376981927997571,-0.6624975695689558,1.0,0.0,0.0,0.0,1.0,0.0,0.0,0.0,0.0,0.0,0.0,0.0,7655.503757914909,13908
-1.112667736628482,0.4341651127480217,0.1370406328583442,-1.3111744745937808,1.0294596636521314,-0.5030087822135796,-1.2605415008317198,1.0,0.0,0.0,0.0,0.0,0.0,0.0,0.0,0.0,0.0,1.0,0.0,7892.880782790088,4954
-1.5539582058687165,1.5930167482641566,0.0883579209202296,-1.5032406514780543,-1.5789135884343286,0.6770329160760792,-1.8585854320944837,0.0,0.0,1.0,0.0,0.0,0.0,0.0,0.0,0.0,0.0,1.0,0.0,7670.668274871261,3894
0.6524941403324551,1.013590930506089,1.795426330378499,0.4174211173646849,-1.5900446264944414,2.024247188290106,0.53359029295657,0.0,0.0,1.0,0.0,0.0,0.0,0.0,0.0,0.0,1.0,0.0,0.0,8285.861860788948,8472
-1.5539582058687165,-1.5938252494052143,-0.218390429058764,-1.3460955976636486,-1.5418101282339522,1.0998811912965398,-1.7731505847712317,0.0,0.0,1.0,0.0,0.0,1.0,0.0,0.0,0.0,0.0,0.0,0.0,6805.052230160258,6023
-1.112667736628482,-1.014399431647147,-0.982459178423125,-0.9619632438951008,-1.4453411317129736,-0.1686636343648427,-0.9188021115387116,0.0,0.0,1.0,0.0,1.0,0.0,0.0,0.0,0.0,0.0,0.0,0.0,7282.511600126977,3965
1.0937846095726895,1.3033038393851228,0.0536520763485363,0.9761590864825728,-1.5993204915445354,0.4410245764181472,1.2170690715425858,0.0,0.0,1.0,0.0,0.0,0.0,0.0,0.0,0.0,0.0,1.0,0.0,8825.020484981482,6097
-0.2300867981480135,1.013590930506089,1.84971329348286,0.138052132805741,-1.5585066853241216,0.8638728516386084,-0.1498884856294458,0.0,0.0,1.0,0.0,0.0,0.0,0.0,0.0,0.0,1.0,0.0,0.0,7832.698144083846,11427
1.0937846095726895,-0.1452607050100457,-1.570432903190256,1.2380675095065825,-0.0150027409884639,0.7852034050859644,0.619025140279822,0.0,0.0,0.0,1.0,0.0,0.0,1.0,0.0,0.0,0.0,0.0,0.0,8440.958457116405,7604
-0.6713772673882478,-1.014399431647147,-1.4112856742885418,-0.595291451661487,0.1334110998130417,1.3948916158689553,-0.7479324168922078,0.0,1.0,0.0,0.0,0.0,0.0,1.0,0.0,0.0,0.0,0.0,0.0,7468.502127391021,9964
-0.2300867981480135,1.013590930506089,-0.0392569550340512,-0.350843590172411,0.4543560305462972,0.4410245764181472,0.191850903663562,1.0,0.0,0.0,0.0,0.0,0.0,0.0,0.0,0.0,0.0,1.0,0.0,8226.418113959993,7279
-0.6713772673882478,-1.5938252494052143,-0.9792856867988652,-0.647673136266289,-0.1003406994493294,-2.371408137838872,-0.5770627222457039,1.0,0.0,0.0,0.0,1.0,0.0,0.0,0.0,0.0,0.0,0.0,0.0,7912.079937275314,4359
0.2112036710922208,-0.4349736138890795,-0.1247386655939028,0.1904338174105428,-1.6939343150554955,0.3623551298655037,0.1064160563403101,0.0,0.0,1.0,0.0,0.0,1.0,0.0,0.0,0.0,0.0,0.0,0.0,7923.422156658361,11120
-0.6713772673882478,1.3033038393851228,-0.5314857622862774,-0.7698970670108268,0.7400526740891953,-1.7912209695131234,-0.7479324168922078,0.0,1.0,0.0,0.0,0.0,0.0,0.0,1.0,0.0,0.0,0.0,0.0,7221.89220278228,6485
0.2112036710922208,-1.5938252494052143,0.2116514465776459,0.155512694340675,0.4599215495763539,-0.6701813561379478,-0.1498884856294458,1.0,0.0,0.0,0.0,0.0,0.0,0.0,0.0,1.0,0.0,0.0,0.0,7985.5247102119965,4061
0.6524941403324551,1.5930167482641566,0.2574982723834432,0.8015534711332327,-1.6735274119452883,0.5983634695234352,1.3025039188658378,0.0,0.0,1.0,0.0,0.0,0.0,0.0,0.0,1.0,0.0,0.0,0.0,8196.65081753983,8600
0.2112036710922208,1.5930167482641566,-0.5465429672269148,0.2078943789454768,0.077755909512477,1.3555568925926331,0.0209812090170581,1.0,0.0,0.0,0.0,0.0,0.0,0.0,1.0,0.0,0.0,0.0,0.0,8017.148202007927,13075
-1.112667736628482,0.4341651127480217,-0.4120409392370061,-1.2587927899889788,0.6695560997084803,-0.0801605069931184,-1.2605415008317198,0.0,0.0,0.0,1.0,0.0,0.0,0.0,1.0,0.0,0.0,0.0,0.0,7202.5572967574735,10883
-0.2300867981480135,-1.014399431647147,0.4222497524514036,-0.1238562902182689,0.9367010131511904,-1.3290379710163405,-0.5770627222457039,0.0,0.0,0.0,1.0,0.0,0.0,0.0,0.0,1.0,0.0,0.0,0.0,7789.436095879774,3082
-1.112667736628482,1.5930167482641566,1.8696320175074697,-0.9619632438951008,0.9533975702413598,-0.6308466328616258,-0.8333672642154598,1.0,0.0,0.0,0.0,0.0,0.0,0.0,0.0,0.0,1.0,0.0,0.0,7599.313313446573,9780
0.6524941403324551,-1.3041123405261807,-1.0628768066038383,0.5745661711790906,0.4339491274360903,-0.5226761438517405,0.96076452957283,1.0,0.0,0.0,0.0,1.0,0.0,0.0,0.0,0.0,0.0,0.0,0.0,8250.222341592767,7270
-0.2300867981480135,-1.014399431647147,-0.0643072825361878,-0.350843590172411,0.0425076223221195,-1.2503685244636964,-0.3207581802759497,0.0,1.0,0.0,0.0,0.0,0.0,0.0,0.0,0.0,0.0,1.0,0.0,7960.768021719783,5054
-1.5539582058687165,0.4341651127480217,1.9438377046364403,-1.4333984053383189,-1.5139825330836698,1.2473864035827475,-1.0042369588619635,0.0,0.0,1.0,0.0,0.0,0.0,0.0,0.0,0.0,1.0,0.0,0.0,7228.976860968167,9775
-1.112667736628482,1.013590930506089,0.2169180922519496,-1.4857800899431206,0.9533975702413598,0.273852002493779,-1.1751066535084678,0.0,0.0,0.0,1.0,0.0,0.0,0.0,0.0,1.0,0.0,0.0,0.0,7347.641229504304,3020
1.0937846095726895,1.5930167482641566,-0.4392519418875749,1.1856858249017803,0.8383768436201928,1.109714872115621,0.7044599876030739,0.0,0.0,0.0,1.0,0.0,0.0,0.0,1.0,0.0,0.0,0.0,0.0,8212.28013013475,5471
-0.2300867981480135,0.1444522038689879,2.0072400160232498,-0.5429097670566849,0.8383768436201928,-0.0604931453549574,0.0209812090170581,0.0,0.0,0.0,1.0,0.0,0.0,0.0,0.0,0.0,1.0,0.0,0.0,7995.316824705776,10848
-1.112667736628482,-0.7246865227681133,0.0799177836216661,-1.1365688592444407,0.5638112381374075,0.9032075749149304,-1.1751066535084678,0.0,1.0,0.0,0.0,0.0,0.0,0.0,0.0,0.0,0.0,1.0,0.0,7504.657167141758,7576
-1.5539582058687165,-1.5938252494052143,0.7086067307170678,-1.5207012130129889,-1.5418101282339522,1.0998811912965398,-1.7731505847712317,0.0,0.0,1.0,0.0,0.0,0.0,0.0,0.0,0.0,0.0,0.0,1.0,7182.282194945057,9412
0.2112036710922208,-1.3041123405261807,-1.3746892389619705,0.2428155020153448,0.940411359171228,0.214849917579296,0.448155445633318,0.0,1.0,0.0,0.0,0.0,0.0,1.0,0.0,0.0,0.0,0.0,0.0,7660.851548123706,8873
-1.5539582058687165,1.013590930506089,0.2550675128414569,-1.1365688592444407,-1.432354920642842,1.984912465013784,-1.6022808901247276,0.0,0.0,1.0,0.0,0.0,0.0,0.0,0.0,1.0,0.0,0.0,0.0,7044.579076392407,4600
-0.6713772673882478,1.013590930506089,-1.046536700793819,-0.7349759439409588,-1.710630872145665,1.2867211268590697,-1.0896718061852158,0.0,0.0,1.0,0.0,1.0,0.0,0.0,0.0,0.0,0.0,0.0,0.0,7753.010767265274,9973
-0.6713772673882478,1.5930167482641566,-1.022701753062676,-0.8571998746854969,0.2094731932238133,0.1460141518457327,-0.4916278749224518,1.0,0.0,0.0,0.0,1.0,0.0,0.0,0.0,0.0,0.0,0.0,0.0,8031.333672903602,13564
-1.112667736628482,0.1444522038689879,-0.391717088622065,-1.2937139130588466,-0.0521062011888401,-1.1126969929965698,-1.0042369588619635,0.0,0.0,0.0,1.0,0.0,0.0,0.0,1.0,0.0,0.0,0.0,0.0,7409.756128517491,8578
1.0937846095726895,-1.3041123405261807,-0.1331112817940778,1.1158435787620444,0.4821836256965799,1.178550637849184,0.96076452957283,0.0,1.0,0.0,0.0,0.0,1.0,0.0,0.0,0.0,0.0,0.0,0.0,8084.31320677791,11716
0.6524941403324551,-0.1452607050100457,-1.4465992087457318,0.6618689788537606,0.8958872069307767,0.6278645119806769,0.53359029295657,0.0,1.0,0.0,0.0,0.0,0.0,1.0,0.0,0.0,0.0,0.0,0.0,7943.829815104113,3329
0.2112036710922208,1.013590930506089,0.7177220789995163,0.2951971866201469,0.539693989007163,0.352521449046423,0.0209812090170581,0.0,0.0,0.0,1.0,0.0,0.0,0.0,0.0,0.0,0.0,0.0,1.0,8309.568788308614,6689
0.6524941403324551,-1.014399431647147,0.2223197801230303,0.7317112249934966,-1.6902239690354577,-0.3063351658319696,0.362720598310066,0.0,0.0,1.0,0.0,0.0,0.0,0.0,0.0,1.0,0.0,0.0,0.0,8065.316402676994,6098
-1.112667736628482,1.5930167482641566,0.7539809088341454,-1.4333984053383189,1.0684182968625269,0.0476773436549278,-1.1751066535084678,0.0,1.0,0.0,0.0,0.0,0.0,0.0,0.0,0.0,0.0,0.0,1.0,7549.585935237614,3628
-1.112667736628482,1.5930167482641566,-1.5247211195812358,-1.0318054900348368,-1.5047066680335757,0.3820224915036647,-1.3459763481549716,0.0,0.0,1.0,0.0,0.0,0.0,1.0,0.0,0.0,0.0,0.0,0.0,7408.254780727442,4112
1.0937846095726895,0.1444522038689879,0.1243466663613046,1.0110802095524407,-1.4471963047229923,1.0113780639248156,0.875329682249578,0.0,0.0,1.0,0.0,0.0,0.0,0.0,0.0,0.0,0.0,1.0,0.0,8766.870246809602,12482
0.2112036710922208,0.4341651127480217,0.2617521015819192,0.2253549404804108,0.4858939717166174,1.060546468020218,0.789894834926326,0.0,0.0,0.0,1.0,0.0,0.0,0.0,0.0,1.0,0.0,0.0,0.0,7928.209489343394,6857
-1.112667736628482,-0.7246865227681133,0.6117814756279467,-1.3111744745937808,0.5638112381374075,0.9032075749149304,-1.1751066535084678,0.0,1.0,0.0,0.0,0.0,0.0,0.0,0.0,0.0,0.0,0.0,1.0,7279.474346495646,9233
0.2112036710922208,-1.5938252494052143,-1.3707054941570482,0.1729732558756087,0.4599215495763539,-0.6701813561379478,-0.1498884856294458,1.0,0.0,0.0,0.0,0.0,0.0,1.0,0.0,0.0,0.0,0.0,0.0,8156.37482893444,11898
1.5350750788129237,0.1444522038689879,1.8769242961334285,1.5348970556004606,0.3300594388750367,-0.955358099891282,1.3879387661890898,0.0,1.0,0.0,0.0,0.0,0.0,0.0,0.0,0.0,1.0,0.0,0.0,8689.990402943098,6064
0.2112036710922208,0.1444522038689879,1.982189688521113,0.557105609644157,1.1073769300729217,0.4508582572372279,0.53359029295657,0.0,1.0,0.0,0.0,0.0,0.0,0.0,0.0,0.0,1.0,0.0,0.0,7812.868198663686,12181
-1.5539582058687165,1.3033038393851228,-1.3859652623928511,-1.6254645822225926,0.6899630028186872,0.7950370859050452,-1.4314111954782236,0.0,0.0,0.0,1.0,0.0,0.0,1.0,0.0,0.0,0.0,0.0,0.0,7310.731317247195,6543
-1.112667736628482,1.3033038393851228,-1.605746437647446,-1.101647736174573,-0.0465406821587838,0.9720433406484936,-1.3459763481549716,0.0,0.0,0.0,1.0,0.0,0.0,1.0,0.0,0.0,0.0,0.0,0.0,7513.578925915466,11417
0.6524941403324551,-0.7246865227681133,-1.5104741678212603,0.8190140326681667,0.8513630546903247,0.0378436628358475,0.362720598310066,1.0,0.0,0.0,0.0,0.0,0.0,1.0,0.0,0.0,0.0,0.0,0.0,8116.59572549451,4691
1.0937846095726895,0.7238780216270554,0.0036189424426516,1.3602914402511206,0.9645286083014726,0.9327086173721716,1.2170690715425858,0.0,0.0,0.0,1.0,0.0,0.0,0.0,0.0,0.0,0.0,1.0,0.0,8543.69503913465,5437
-0.2300867981480135,0.4341651127480217,-1.1212150356115098,-0.1936985363580049,0.3207835738249424,0.6967002777142401,0.0209812090170581,0.0,1.0,0.0,0.0,1.0,0.0,0.0,0.0,0.0,0.0,0.0,0.0,7654.040041877644,12208
-0.6713772673882478,-0.4349736138890795,0.3293407210688161,-0.7000548208710908,0.7975630373997791,-0.8668549725195573,-0.3207581802759497,1.0,0.0,0.0,0.0,0.0,0.0,0.0,0.0,1.0,0.0,0.0,0.0,7632.099414689368,8532
-0.6713772673882478,-0.4349736138890795,1.8474850972360388,-0.9445026823601668,0.4858939717166174,-1.348705332654501,-0.5770627222457039,0.0,1.0,0.0,0.0,0.0,0.0,0.0,0.0,0.0,1.0,0.0,0.0,7563.883152891556,5279
1.5350750788129237,0.4341651127480217,0.3993601000976993,1.3777520017860545,0.561956065127389,-1.9583935434374915,1.473373613512342,1.0,0.0,0.0,0.0,0.0,0.0,0.0,0.0,1.0,0.0,0.0,0.0,8981.15386707712,9369
1.5350750788129237,-1.014399431647147,0.3599277786388104,1.3777520017860545,0.7734457882695346,1.3752242542307938,1.3879387661890898,1.0,0.0,0.0,0.0,0.0,0.0,0.0,0.0,1.0,0.0,0.0,0.0,8659.320038869597,15022
-1.5539582058687165,-1.014399431647147,0.2999015221714264,-1.4508589668732526,0.9960665494717929,0.8442054900004474,-1.6022808901247276,0.0,1.0,0.0,0.0,0.0,0.0,0.0,0.0,1.0,0.0,0.0,0.0,6782.831446914927,3801
-1.5539582058687165,-1.5938252494052143,0.1031450414673129,-1.7127673898972626,-1.5418101282339522,1.0998811912965398,-1.7731505847712317,0.0,0.0,1.0,0.0,0.0,0.0,0.0,0.0,0.0,0.0,1.0,0.0,7390.010536524432,3194
0.6524941403324551,-0.1452607050100457,0.3180646976379352,0.6793295403886946,0.9960665494717929,1.807906210270336,0.619025140279822,0.0,0.0,0.0,1.0,0.0,0.0,0.0,0.0,1.0,0.0,0.0,0.0,8041.047099442898,14627
-0.6713772673882478,-1.014399431647147,0.7611381452633273,-0.8746604362204308,-1.4935756299734626,-0.5620108671280621,-0.6624975695689558,0.0,0.0,1.0,0.0,0.0,0.0,0.0,0.0,0.0,0.0,0.0,1.0,7748.137483585894,10457
1.0937846095726895,-1.014399431647147,1.7537658126727893,1.3428308787161864,0.4654870686064106,0.0476773436549278,0.96076452957283,0.0,1.0,0.0,0.0,0.0,0.0,0.0,0.0,0.0,1.0,0.0,0.0,8132.8877799716065,12275
-0.2300867981480135,-1.3041123405261807,-1.5688123968289318,0.0332887635961369,0.0054041621217429,0.7753697242668841,-0.3207581802759497,0.0,0.0,0.0,1.0,0.0,0.0,1.0,0.0,0.0,0.0,0.0,0.0,7648.8299238746695,6986
1.0937846095726895,1.013590930506089,-0.1711256601868081,1.3952125633209886,1.1147976221129974,-0.1194952302694404,0.875329682249578,0.0,0.0,0.0,1.0,0.0,1.0,0.0,0.0,0.0,0.0,0.0,0.0,8226.214322782987,8580
-0.2300867981480135,0.4341651127480217,-0.5368199290589696,-0.0889351671484011,0.3207835738249424,0.6967002777142401,0.0209812090170581,0.0,1.0,0.0,0.0,0.0,0.0,0.0,1.0,0.0,0.0,0.0,0.0,7312.40784877899,11889
1.5350750788129237,-1.014399431647147,0.8240678089614171,1.4301336863908567,0.7734457882695346,1.3752242542307938,1.3879387661890898,1.0,0.0,0.0,0.0,0.0,0.0,0.0,0.0,0.0,0.0,0.0,1.0,8903.796451460845,15528
-0.6713772673882478,1.3033038393851228,0.7890918799961698,-0.647673136266289,0.7400526740891953,-1.7912209695131234,-0.7479324168922078,0.0,1.0,0.0,0.0,0.0,0.0,0.0,0.0,0.0,0.0,0.0,1.0,7853.920395973471,5412
-0.6713772673882478,-0.4349736138890795,0.8583685269427794,-0.9095815592902988,-1.6976446610755331,-0.0506594645358771,-0.9188021115387116,0.0,0.0,1.0,0.0,0.0,0.0,0.0,0.0,0.0,0.0,0.0,1.0,7988.186160075429,3949
0.2112036710922208,0.4341651127480217,1.9435000991444975,0.504723925039355,-1.6661067199052129,-1.2700358861018577,0.191850903663562,0.0,0.0,1.0,0.0,0.0,0.0,0.0,0.0,0.0,1.0,0.0,0.0,8198.415163684425,8414
-0.2300867981480135,-0.1452607050100457,-0.1934751437534043,-0.1587774132881369,0.1835007710835497,0.8442054900004474,-0.4061930275992018,1.0,0.0,0.0,0.0,0.0,1.0,0.0,0.0,0.0,0.0,0.0,0.0,7879.609991790058,4656
-0.6713772673882478,-1.3041123405261807,-1.6087848870749288,-0.612752013196421,-1.5659273773641966,2.014413507471026,-0.4916278749224518,0.0,0.0,1.0,0.0,0.0,0.0,1.0,0.0,0.0,0.0,0.0,0.0,7177.782851759386,8347
-0.6713772673882478,-0.1452607050100457,-0.0876695825786117,-0.5254492055217509,1.1277838331831291,0.352521449046423,-0.3207581802759497,0.0,0.0,0.0,1.0,0.0,1.0,0.0,0.0,0.0,0.0,0.0,0.0,7331.204714384155,9624
-0.6713772673882478,0.4341651127480217,0.4452069259034965,-0.560370328591619,0.537838815997144,0.5786961078852741,-0.9188021115387116,1.0,0.0,0.0,0.0,0.0,0.0,0.0,0.0,1.0,0.0,0.0,0.0,7920.279715103498,3382
-0.2300867981480135,-1.5938252494052143,-0.2842910210859481,-0.298461905567609,0.6083353903778596,-1.2700358861018577,-0.0644536383061938,1.0,0.0,0.0,0.0,0.0,1.0,0.0,0.0,0.0,0.0,0.0,0.0,7564.886812745605,11298
1.5350750788129237,0.7238780216270554,0.6348736912768166,1.4301336863908567,-1.4750238998732748,0.332854087408262,1.473373613512342,0.0,0.0,1.0,0.0,0.0,0.0,0.0,0.0,0.0,0.0,0.0,1.0,8760.520875112286,8958
-0.6713772673882478,1.3033038393851228,-1.4457889555650696,-0.560370328591619,1.060997604822451,-0.3850046123846136,-0.4916278749224518,1.0,0.0,0.0,0.0,0.0,0.0,1.0,0.0,0.0,0.0,0.0,0.0,7668.466033915785,9208
-1.5539582058687165,0.4341651127480217,0.296795551645555,-1.608004020687659,0.6955285218487439,0.273852002493779,-1.6022808901247276,0.0,0.0,0.0,1.0,0.0,0.0,0.0,0.0,1.0,0.0,0.0,0.0,7193.426173210675,6756
0.6524941403324551,1.5930167482641566,-0.3937427215737202,0.4174211173646849,0.0907421205826088,-0.0604931453549574,0.448155445633318,0.0,0.0,0.0,1.0,0.0,0.0,0.0,1.0,0.0,0.0,0.0,0.0,8338.171198843014,3633
-0.2300867981480135,-0.1452607050100457,-0.4618039887493367,-0.0889351671484011,-1.5844791074643851,-1.0438612272630063,0.0209812090170581,0.0,0.0,1.0,0.0,0.0,0.0,0.0,1.0,0.0,0.0,0.0,0.0,7440.186695490755,13052
0.2112036710922208,0.4341651127480217,-0.0204860896820458,-0.1063957286833351,0.4858939717166174,1.060546468020218,0.789894834926326,0.0,0.0,0.0,1.0,0.0,1.0,0.0,0.0,0.0,0.0,0.0,0.0,8084.755147907079,7292
0.6524941403324551,-1.014399431647147,-0.0349356047371866,0.9237774018777708,-1.6902239690354577,-0.3063351658319696,0.362720598310066,0.0,0.0,1.0,0.0,0.0,0.0,0.0,0.0,0.0,0.0,1.0,0.0,8336.371925104915,12823
0.6524941403324551,-0.4349736138890795,-0.4891500335966826,0.9237774018777708,1.0591424318124325,1.385057935049874,0.53359029295657,1.0,0.0,0.0,0.0,0.0,0.0,0.0,1.0,0.0,0.0,0.0,0.0,7754.543818071459,6793
-0.2300867981480135,0.1444522038689879,-1.5509868268543656,-0.1936985363580049,-1.7607205434161728,-0.798019206785994,-0.2353233329526978,0.0,0.0,1.0,0.0,0.0,0.0,1.0,0.0,0.0,0.0,0.0,0.0,7740.39220988928,4568
1.5350750788129237,-1.014399431647147,-0.5532950770657656,1.6920421094148663,0.912583764020946,1.1687169570301037,1.729678155482096,0.0,1.0,0.0,0.0,0.0,0.0,0.0,1.0,0.0,0.0,0.0,0.0,7797.571388996164,9644
1.0937846095726895,1.5930167482641566,-0.0484398244148883,1.1507647018319125,0.8420871896402304,-1.181532758730133,0.789894834926326,1.0,0.0,0.0,0.0,0.0,1.0,0.0,0.0,0.0,0.0,0.0,0.0,8697.15319192928,3595
-1.112667736628482,0.4341651127480217,-0.4956320590419794,-0.9794238054300348,0.8532182277003437,1.2473864035827475,-1.0042369588619635,0.0,1.0,0.0,0.0,0.0,0.0,0.0,1.0,0.0,0.0,0.0,0.0,6796.694765693429,3843
-0.6713772673882478,1.013590930506089,1.8318202024099048,-0.560370328591619,-1.710630872145665,1.2867211268590697,-1.0896718061852158,0.0,0.0,1.0,0.0,0.0,0.0,0.0,0.0,0.0,1.0,0.0,0.0,7742.728788443813,3380
-1.5539582058687165,-0.1452607050100457,1.8538996015829472,-1.7302279514321968,-1.6828032769953825,-0.0703268261740377,-1.3459763481549716,0.0,0.0,1.0,0.0,0.0,0.0,0.0,0.0,0.0,1.0,0.0,0.0,7252.766186254082,9384
0.2112036710922208,-1.3041123405261807,0.8411506468537098,0.0158282020612029,0.1241352347629475,1.3260558501353916,0.191850903663562,1.0,0.0,0.0,0.0,0.0,0.0,0.0,0.0,0.0,0.0,0.0,1.0,8469.73309230273,7791
0.2112036710922208,1.5930167482641566,-1.0930587375835017,0.2428155020153448,0.077755909512477,1.3555568925926331,0.0209812090170581,1.0,0.0,0.0,0.0,1.0,0.0,0.0,0.0,0.0,0.0,0.0,0.0,8376.049227618383,11543
-0.2300867981480135,0.4341651127480217,-0.3219677939867358,-0.1413168517532029,-1.7069205261256273,-1.4273747792071452,-0.4916278749224518,0.0,0.0,1.0,0.0,0.0,0.0,0.0,1.0,0.0,0.0,0.0,0.0,7760.3863794197305,10798
1.0937846095726895,-0.7246865227681133,1.960650458135179,0.9761590864825728,0.5656664111474267,0.313186725770101,1.1316342242193338,1.0,0.0,0.0,0.0,0.0,0.0,0.0,0.0,0.0,1.0,0.0,0.0,8662.602432447475,12940
-1.5539582058687165,1.013590930506089,-0.990426668032969,-1.5032406514780543,0.4376594734561279,0.2640183216746987,-1.8585854320944837,0.0,1.0,0.0,0.0,1.0,0.0,0.0,0.0,0.0,0.0,0.0,0.0,7276.428464604182,10644
0.6524941403324551,0.7238780216270554,0.3749849835794477,0.3475788712249489,0.0369421032920629,-0.4046719740227746,0.789894834926326,0.0,0.0,0.0,1.0,0.0,0.0,0.0,0.0,1.0,0.0,0.0,0.0,8557.944259933,5693
1.0937846095726895,-0.4349736138890795,-0.0510056261536516,1.1856858249017803,-1.6271480866948178,-1.0733622697202478,1.3025039188658378,0.0,0.0,1.0,0.0,0.0,1.0,0.0,0.0,0.0,0.0,0.0,0.0,8377.056908290962,6311
1.0937846095726895,-1.5938252494052143,-1.4369436916761749,1.0110802095524407,0.5025905288067868,0.5983634695234352,1.3879387661890898,1.0,0.0,0.0,0.0,0.0,0.0,1.0,0.0,0.0,0.0,0.0,0.0,8377.706489418579,3772
-1.5539582058687165,1.3033038393851228,1.7607204858068055,-1.5905434591527243,0.6899630028186872,0.7950370859050452,-1.4314111954782236,0.0,0.0,0.0,1.0,0.0,0.0,0.0,0.0,0.0,1.0,0.0,0.0,7211.650533560226,6517
-0.6713772673882478,1.5930167482641566,0.6799102639019518,-0.7349759439409588,0.2094731932238133,0.1460141518457327,-0.4916278749224518,1.0,0.0,0.0,0.0,0.0,0.0,0.0,0.0,0.0,0.0,0.0,1.0,8121.084938072046,11579
0.6524941403324551,1.5930167482641566,-0.9896164148523068,0.5920267327140245,0.0907421205826088,-0.0604931453549574,0.448155445633318,0.0,0.0,0.0,1.0,1.0,0.0,0.0,0.0,0.0,0.0,0.0,0.0,8620.212187943249,6201
-0.6713772673882478,1.3033038393851228,0.6795726584100091,-0.9794238054300348,1.060997604822451,-0.3850046123846136,-0.4916278749224518,1.0,0.0,0.0,0.0,0.0,0.0,0.0,0.0,0.0,0.0,0.0,1.0,7903.896624800904,11722
0.2112036710922208,-0.7246865227681133,-0.4892850757934596,0.155512694340675,0.4840387987065984,-0.6210129520425451,0.0209812090170581,1.0,0.0,0.0,0.0,0.0,0.0,0.0,1.0,0.0,0.0,0.0,0.0,7807.330311357971,8974
-0.6713772673882478,1.5930167482641566,1.9747623676983768,-0.595291451661487,-0.0854993153691788,-0.3948382932036939,-0.5770627222457039,0.0,1.0,0.0,0.0,0.0,0.0,0.0,0.0,0.0,1.0,0.0,0.0,7971.2957746294,13404
-0.6713772673882478,-0.7246865227681133,-1.4291787653614965,-0.8222787516156289,0.96823895432151,0.4508582572372279,-0.1498884856294458,0.0,0.0,0.0,1.0,0.0,0.0,1.0,0.0,0.0,0.0,0.0,0.0,7378.801666791822,2542
-1.5539582058687165,1.5930167482641566,-0.3052900826847742,-1.608004020687659,0.7734457882695346,0.431190895599067,-1.2605415008317198,0.0,0.0,0.0,1.0,0.0,0.0,0.0,1.0,0.0,0.0,0.0,0.0,7110.598513889466,5838
1.0937846095726895,1.3033038393851228,-0.5420865747332733,1.0110802095524407,-1.5993204915445354,0.4410245764181472,1.2170690715425858,0.0,0.0,1.0,0.0,0.0,0.0,0.0,1.0,0.0,0.0,0.0,0.0,8119.972604552996,3432
0.2112036710922208,-1.5938252494052143,0.1845754861238541,0.2428155020153448,-1.677237757965326,-0.5521771863089818,0.191850903663562,0.0,0.0,1.0,0.0,0.0,0.0,0.0,0.0,0.0,0.0,1.0,0.0,8325.87571425903,4103
-0.2300867981480135,-1.5938252494052143,0.0452119390499727,0.0682098866660049,1.111087276092959,1.4342263391452763,-0.1498884856294458,0.0,1.0,0.0,0.0,0.0,0.0,0.0,0.0,0.0,0.0,1.0,0.0,7551.282270647928,5213
-0.6713772673882478,0.7238780216270554,-1.437213776069729,-0.6651336978012228,0.027666238241969,-0.7586844835096721,-1.0042369588619635,0.0,0.0,0.0,1.0,0.0,0.0,1.0,0.0,0.0,0.0,0.0,0.0,7884.573859797541,5153
0.2112036710922208,-1.3041123405261807,-1.408112182664282,0.2078943789454768,0.1241352347629475,1.3260558501353916,0.191850903663562,1.0,0.0,0.0,0.0,0.0,0.0,1.0,0.0,0.0,0.0,0.0,0.0,8138.968013575706,5727
-0.2300867981480135,1.5930167482641566,-0.4055589137917093,-0.5254492055217509,0.9923562034517552,-0.2571667617365674,0.191850903663562,0.0,1.0,0.0,0.0,0.0,0.0,0.0,1.0,0.0,0.0,0.0,0.0,7449.411303106349,9715
-0.6713772673882478,-0.4349736138890795,-1.528434779992604,-0.577830890126553,0.7975630373997791,-0.8668549725195573,-0.3207581802759497,1.0,0.0,0.0,0.0,0.0,0.0,1.0,0.0,0.0,0.0,0.0,0.0,7488.071143568219,11716
0.6524941403324551,0.1444522038689879,-0.3142028676720574,0.5920267327140245,0.5025905288067868,0.6671992352569989,0.96076452957283,0.0,1.0,0.0,0.0,0.0,0.0,0.0,1.0,0.0,0.0,0.0,0.0,7910.568783851938,6643
1.0937846095726895,-0.1452607050100457,1.905553241850156,1.1507647018319125,0.0425076223221195,0.4705256188753889,1.1316342242193338,0.0,1.0,0.0,0.0,0.0,0.0,0.0,0.0,0.0,1.0,0.0,0.0,8501.102480498106,12597
-0.6713772673882478,-0.7246865227681133,-1.6302565963624744,-0.7524365054758928,0.3671628990754129,-0.3850046123846136,-0.4916278749224518,0.0,1.0,0.0,0.0,0.0,0.0,1.0,0.0,0.0,0.0,0.0,0.0,7237.758222614836,6467
0.2112036710922208,-0.7246865227681133,-0.0407424191985984,0.3999605558297509,-1.68651362301542,0.8540391708195281,0.789894834926326,0.0,0.0,1.0,0.0,0.0,1.0,0.0,0.0,0.0,0.0,0.0,0.0,7855.575830253329,6198
1.5350750788129237,-1.014399431647147,-0.186925597209719,1.6745815478799322,0.1074386776727781,-0.6210129520425451,1.3879387661890898,0.0,0.0,0.0,1.0,0.0,1.0,0.0,0.0,0.0,0.0,0.0,0.0,8546.587851807233,14265
1.5350750788129237,-0.7246865227681133,-0.5025192110776073,1.4825153709956589,0.0907421205826088,0.6475318736188379,1.558808460835594,0.0,1.0,0.0,0.0,0.0,0.0,0.0,1.0,0.0,0.0,0.0,0.0,8186.435243772518,3251
-1.112667736628482,-1.3041123405261807,-0.982324136226348,-1.2587927899889788,0.6658457536884428,1.4833947432406795,-1.5168460428014756,0.0,0.0,0.0,1.0,1.0,0.0,0.0,0.0,0.0,0.0,0.0,0.0,7366.189735927404,3810
-0.2300867981480135,-1.3041123405261807,0.2989562267939873,-0.2111590978929389,0.0981628126226839,1.1195485529347011,-0.3207581802759497,0.0,1.0,0.0,0.0,0.0,0.0,0.0,0.0,1.0,0.0,0.0,0.0,7639.260972551918,11145
-1.5539582058687165,1.3033038393851228,0.7623535250343204,-1.608004020687659,-1.7625757164261917,0.391856172322745,-1.6022808901247276,0.0,0.0,1.0,0.0,0.0,0.0,0.0,0.0,0.0,0.0,0.0,1.0,7590.610670469194,5760
0.2112036710922208,-0.7246865227681133,0.8526967546781447,-0.0365534825435991,-1.68651362301542,0.8540391708195281,0.789894834926326,0.0,0.0,1.0,0.0,0.0,0.0,0.0,0.0,0.0,0.0,0.0,1.0,8240.852241972148,5898
-1.112667736628482,0.7238780216270554,-0.4439784187747705,-1.0318054900348368,-0.044685509148765,0.8343718091813671,-0.7479324168922078,0.0,1.0,0.0,0.0,0.0,0.0,0.0,1.0,0.0,0.0,0.0,0.0,7128.830369267109,11365
-0.2300867981480135,-1.3041123405261807,0.6231925412556046,-0.4730675209169488,0.0981628126226839,1.1195485529347011,-0.3207581802759497,0.0,1.0,0.0,0.0,0.0,0.0,0.0,0.0,0.0,0.0,0.0,1.0,7785.888044738838,6652
1.0937846095726895,1.013590930506089,-0.0205536107804343,0.8364745942031007,0.537838815997144,0.8835402132767693,1.046199376896082,1.0,0.0,0.0,0.0,0.0,0.0,0.0,0.0,0.0,0.0,1.0,0.0,8902.571121511179,12514
0.6524941403324551,-1.014399431647147,0.3920678214717404,0.6967901019236287,0.7196457709789883,0.9032075749149304,0.191850903663562,1.0,0.0,0.0,0.0,0.0,0.0,0.0,0.0,1.0,0.0,0.0,0.0,8315.788011478213,6307
1.5350750788129237,1.3033038393851228,0.3319065228075794,1.5698181786703287,0.1649490409833616,-0.8373539300623161,1.815113002805348,0.0,0.0,0.0,1.0,0.0,0.0,0.0,0.0,1.0,0.0,0.0,0.0,8876.315830943766,8160
-0.2300867981480135,0.4341651127480217,-0.97408656222295,-0.1936985363580049,0.1686593870033992,1.4145589775071157,0.0209812090170581,0.0,0.0,0.0,1.0,1.0,0.0,0.0,0.0,0.0,0.0,0.0,0.0,7985.595949294518,10194
1.5350750788129237,1.3033038393851228,-1.1863728955564203,1.6745815478799322,0.3449008229551869,-1.3290379710163405,1.3025039188658378,1.0,0.0,0.0,0.0,1.0,0.0,0.0,0.0,0.0,0.0,0.0,0.0,8846.172416747422,10524
1.5350750788129237,1.3033038393851228,-0.162618001789856,1.1507647018319125,0.3449008229551869,-1.3290379710163405,1.3025039188658378,1.0,0.0,0.0,0.0,0.0,1.0,0.0,0.0,0.0,0.0,0.0,0.0,8965.103552009608,13383
1.5350750788129237,-0.7246865227681133,1.9037301721936664,1.5523576171353948,0.0907421205826088,0.6475318736188379,1.558808460835594,0.0,1.0,0.0,0.0,0.0,0.0,0.0,0.0,0.0,1.0,0.0,0.0,8638.943592092768,12213
0.6524941403324551,-1.3041123405261807,-1.210748012074672,0.4872633635044209,0.0629145254323264,1.5128957856979204,0.53359029295657,0.0,1.0,0.0,0.0,1.0,0.0,0.0,0.0,0.0,0.0,0.0,0.0,7932.694472114437,2961
0.6524941403324551,-1.014399431647147,-0.0871969348898921,0.7491717865284306,0.7196457709789883,0.9032075749149304,0.191850903663562,1.0,0.0,0.0,0.0,0.0,1.0,0.0,0.0,0.0,0.0,0.0,0.0,8194.834296531399,9409
-1.112667736628482,-1.014399431647147,0.6248130476169288,-1.2064111053841768,0.7808664803096097,-0.5325098246708209,-1.6877157374479796,1.0,0.0,0.0,0.0,0.0,0.0,0.0,0.0,0.0,0.0,0.0,1.0,7559.300412912813,10961
0.6524941403324551,1.5930167482641566,0.2344735778329618,0.6444084173188266,0.0907421205826088,-0.0604931453549574,0.448155445633318,0.0,0.0,0.0,1.0,0.0,0.0,0.0,0.0,1.0,0.0,0.0,0.0,8452.9192552169,9070
0.2112036710922208,0.7238780216270554,-0.0229843703224206,0.2428155020153448,0.1018731586427218,0.9130412557340112,0.362720598310066,0.0,1.0,0.0,0.0,0.0,0.0,0.0,0.0,0.0,0.0,1.0,0.0,8242.47224554296,11255
-1.112667736628482,-0.1452607050100457,0.3746473780875052,-0.9445026823601668,-0.033554471088652,-0.2670004425556476,-0.7479324168922078,1.0,0.0,0.0,0.0,0.0,0.0,0.0,0.0,1.0,0.0,0.0,0.0,7691.688226684385,12566
1.0937846095726895,-0.7246865227681133,-0.3915145253268995,1.3602914402511206,0.5656664111474267,0.313186725770101,1.1316342242193338,1.0,0.0,0.0,0.0,0.0,0.0,0.0,1.0,0.0,0.0,0.0,0.0,8191.741600659185,7827
-0.2300867981480135,-1.5938252494052143,0.0059821808862494,-0.333383028637477,0.7641699232194403,-0.5816782287662231,-0.1498884856294458,0.0,0.0,0.0,1.0,0.0,0.0,0.0,0.0,0.0,0.0,1.0,0.0,7881.3347654419695,5828
-1.5539582058687165,0.1444522038689879,1.9331018499926675,-1.3984772822684508,-1.510272187063632,-0.0703268261740377,-1.4314111954782236,0.0,0.0,1.0,0.0,0.0,0.0,0.0,0.0,0.0,1.0,0.0,0.0,7269.665065233908,4111
1.0937846095726895,-1.3041123405261807,-0.0360159423114028,0.7491717865284306,0.8699147847905131,-0.91602337661496,1.2170690715425858,1.0,0.0,0.0,0.0,0.0,0.0,0.0,0.0,0.0,0.0,1.0,0.0,8616.67045951356,5795
1.5350750788129237,-0.7246865227681133,0.2488555717897141,1.5174364940655267,1.1389148712432418,1.1293822337537816,1.6442433081588457,0.0,0.0,0.0,1.0,0.0,0.0,0.0,0.0,1.0,0.0,0.0,0.0,8289.69284224325,12504
1.5350750788129237,1.3033038393851228,-0.4795620376255144,1.6396604248100648,0.1649490409833616,-0.8373539300623161,1.815113002805348,0.0,0.0,0.0,1.0,0.0,0.0,0.0,1.0,0.0,0.0,0.0,0.0,8513.68267484271,10675
1.0937846095726895,-1.014399431647147,0.4498658816923035,1.2729886325764506,0.0202455462018935,1.021211744743896,1.3879387661890898,0.0,0.0,0.0,1.0,0.0,0.0,0.0,0.0,1.0,0.0,0.0,0.0,8545.272488979856,9359
-1.112667736628482,-0.1452607050100457,1.946065900883261,-1.0143449284999029,0.3671628990754129,-1.4077074175689843,-1.1751066535084678,0.0,0.0,0.0,1.0,0.0,0.0,0.0,0.0,0.0,1.0,0.0,0.0,7633.016258461115,11888
1.0937846095726895,0.7238780216270554,0.6057720978713694,0.9412379634127048,0.3115077087748482,-1.761719927055882,0.619025140279822,0.0,1.0,0.0,0.0,0.0,0.0,0.0,0.0,0.0,0.0,0.0,1.0,8619.75968478335,14802
1.0937846095726895,-1.3041123405261807,0.223737723189189,1.2031463864367145,0.5192870858969562,-0.5030087822135796,0.7044599876030739,0.0,0.0,0.0,1.0,0.0,0.0,0.0,0.0,1.0,0.0,0.0,0.0,8264.157233767159,3089
-0.6713772673882478,-0.1452607050100457,0.8109687158740465,-0.647673136266289,0.840232016630212,-0.6406803136807061,-0.9188021115387116,1.0,0.0,0.0,0.0,0.0,0.0,0.0,0.0,0.0,0.0,0.0,1.0,7974.223549280904,12782
1.0937846095726895,-0.7246865227681133,1.9244591493989385,0.6444084173188266,1.1834390234836931,-0.1391625919076014,1.1316342242193338,0.0,0.0,0.0,1.0,0.0,0.0,0.0,0.0,0.0,1.0,0.0,0.0,8389.180658511868,10053
1.0937846095726895,0.1444522038689879,-0.0187305411239446,1.1333041402969783,0.0332317572720253,-1.2503685244636964,0.96076452957283,1.0,0.0,0.0,0.0,0.0,0.0,0.0,0.0,0.0,0.0,1.0,0.0,8987.168690704992,4012
1.0937846095726895,-1.3041123405261807,1.8037314254802852,1.0460013326223088,-1.4471963047229923,1.0113780639248156,1.473373613512342,0.0,0.0,1.0,0.0,0.0,0.0,0.0,0.0,0.0,1.0,0.0,0.0,8178.361844886682,10409
-0.6713772673882478,-1.3041123405261807,-0.5501215854415057,-0.7000548208710908,0.4821836256965799,0.4705256188753889,-0.5770627222457039,1.0,0.0,0.0,0.0,0.0,0.0,0.0,1.0,0.0,0.0,0.0,0.0,7210.222529651978,6805
0.2112036710922208,-1.3041123405261807,-0.5244635680538725,-0.0365534825435991,0.6454388505782358,0.1066794285694107,-0.0644536383061938,0.0,0.0,0.0,1.0,0.0,0.0,0.0,1.0,0.0,0.0,0.0,0.0,7565.937141781651,11998
-0.6713772673882478,-1.3041123405261807,1.9785435492081336,-0.560370328591619,0.4821836256965799,0.4705256188753889,-0.5770627222457039,1.0,0.0,0.0,0.0,0.0,0.0,0.0,0.0,0.0,1.0,0.0,0.0,7783.015829658666,4918
-1.112667736628482,0.1444522038689879,0.614617361760264,-1.241332228454045,-0.0595268932289156,0.6081971503425159,-1.1751066535084678,0.0,1.0,0.0,0.0,0.0,0.0,0.0,0.0,0.0,0.0,0.0,1.0,7540.359223767842,5827
1.0937846095726895,1.5930167482641566,0.0090206303137322,1.0285407710873748,0.8383768436201928,1.109714872115621,0.7044599876030739,0.0,0.0,0.0,1.0,0.0,0.0,0.0,0.0,0.0,0.0,1.0,0.0,8778.86488632368,4738
0.2112036710922208,-1.3041123405261807,0.2223873012214188,0.2428155020153448,0.6454388505782358,0.1066794285694107,-0.0644536383061938,0.0,0.0,0.0,1.0,0.0,0.0,0.0,0.0,1.0,0.0,0.0,0.0,7799.840624938166,4945
-1.5539582058687165,1.5930167482641566,0.0015257883926078,-1.188950543849243,0.2280249233240014,-1.781387288694043,-1.8585854320944837,1.0,0.0,0.0,0.0,0.0,0.0,0.0,0.0,0.0,0.0,1.0,0.0,7840.489453621409,4193
-1.112667736628482,1.5930167482641566,1.7528205172953502,-1.0667266131047048,-1.5047066680335757,0.3820224915036647,-1.3459763481549716,0.0,0.0,1.0,0.0,0.0,0.0,0.0,0.0,0.0,1.0,0.0,0.0,7462.168757197391,9036
0.6524941403324551,-1.014399431647147,0.3383210271544877,0.6793295403886946,0.374583591115488,-1.0930296313584087,0.448155445633318,0.0,0.0,0.0,1.0,0.0,0.0,0.0,0.0,1.0,0.0,0.0,0.0,8260.604553041658,12348
0.6524941403324551,1.013590930506089,-1.0763135051831516,0.2951971866201469,0.6677009266984618,-1.3683726942926624,0.0209812090170581,1.0,0.0,0.0,0.0,1.0,0.0,0.0,0.0,0.0,0.0,0.0,0.0,8566.943811065588,10100
1.5350750788129237,0.4341651127480217,0.7240690622480361,1.4650548094607243,0.561956065127389,-1.9583935434374915,1.473373613512342,1.0,0.0,0.0,0.0,0.0,0.0,0.0,0.0,0.0,0.0,0.0,1.0,9069.283642277109,10999
0.2112036710922208,0.7238780216270554,-0.3370925200257617,0.0856704482009389,-1.4175135365626912,0.3623551298655037,0.0209812090170581,0.0,0.0,1.0,0.0,0.0,0.0,0.0,1.0,0.0,0.0,0.0,0.0,7870.964153186046,13165
-0.6713772673882478,-1.5938252494052143,-1.513310053953578,-0.7349759439409588,-0.1003406994493294,-2.371408137838872,-0.5770627222457039,1.0,0.0,0.0,0.0,0.0,0.0,1.0,0.0,0.0,0.0,0.0,0.0,7752.548414557237,4842
1.5350750788129237,-0.7246865227681133,-0.3583616660181419,1.8491871632292725,-1.6549756818451,0.3230204065891817,1.1316342242193338,0.0,0.0,1.0,0.0,0.0,0.0,0.0,1.0,0.0,0.0,0.0,0.0,8346.26384945234,5632
-0.2300867981480135,0.1444522038689879,0.638519830589796,0.0682098866660049,-1.7607205434161728,-0.798019206785994,-0.2353233329526978,0.0,0.0,1.0,0.0,0.0,0.0,0.0,0.0,0.0,0.0,0.0,1.0,7929.971002384227,4299
0.2112036710922208,-0.1452607050100457,-0.0037408572816957,0.0158282020612029,-1.6735274119452883,0.1755151943029745,-0.0644536383061938,0.0,0.0,1.0,0.0,0.0,0.0,0.0,0.0,0.0,0.0,1.0,0.0,8306.089946002703,8072
1.0937846095726895,-1.5938252494052143,-1.4857614458110666,0.7491717865284306,-1.593754972514479,-1.761719927055882,1.3879387661890898,0.0,0.0,1.0,0.0,0.0,0.0,1.0,0.0,0.0,0.0,0.0,0.0,8269.280339819827,8763
0.6524941403324551,-1.3041123405261807,-1.3835345028508648,0.8539351557380347,0.4339491274360903,-0.5226761438517405,0.96076452957283,1.0,0.0,0.0,0.0,0.0,0.0,1.0,0.0,0.0,0.0,0.0,0.0,8258.955482829657,4862
-1.5539582058687165,0.1444522038689879,0.4223172735497921,-1.7651490745020644,0.3282042658650175,-2.037062989990136,-1.2605415008317198,0.0,0.0,0.0,1.0,0.0,0.0,0.0,0.0,1.0,0.0,0.0,0.0,7457.913406305213,9011
0.2112036710922208,1.3033038393851228,-1.1940027796743218,-0.0540140440785331,-1.6382791247549309,0.7360350009905622,0.0209812090170581,0.0,0.0,1.0,0.0,1.0,0.0,0.0,0.0,0.0,0.0,0.0,0.0,8032.268729253084,9087
1.0937846095726895,-1.5938252494052143,-0.528109707366852,1.2555280710415164,0.0963076396126651,0.2443509600365377,0.875329682249578,0.0,1.0,0.0,0.0,0.0,0.0,0.0,1.0,0.0,0.0,0.0,0.0,7874.096608298306,6433
-1.5539582058687165,1.013590930506089,0.1898421317981577,-1.4857800899431206,0.8532182277003437,2.1815860813953942,-2.20032482138749,1.0,0.0,0.0,0.0,0.0,0.0,0.0,0.0,1.0,0.0,0.0,0.0,7208.52335400389,10921
0.2112036710922208,1.5930167482641566,-0.0252800876676299,0.4348816788996189,-0.0650924122589719,-1.72238520377956,0.362720598310066,0.0,1.0,0.0,0.0,0.0,1.0,0.0,0.0,0.0,0.0,0.0,0.0,8234.167132158196,11508
-1.112667736628482,-1.3041123405261807,1.8033262988899543,-0.8048181900806949,1.0220389716120564,1.7194030828986104,-1.0042369588619635,0.0,1.0,0.0,0.0,0.0,0.0,0.0,0.0,0.0,1.0,0.0,0.0,6890.577054094665,9583
1.0937846095726895,-0.1452607050100457,-1.0838758682026646,1.0809224556921768,-1.432354920642842,-0.0506594645358771,1.1316342242193338,0.0,0.0,1.0,0.0,1.0,0.0,0.0,0.0,0.0,0.0,0.0,0.0,8317.332855510702,4911
-0.6713772673882478,0.4341651127480217,0.6316326785541682,-0.4730675209169488,1.1203631411430532,0.942542298191252,-0.5770627222457039,0.0,1.0,0.0,0.0,0.0,0.0,0.0,0.0,0.0,0.0,0.0,1.0,7367.55860840996,10389
-1.112667736628482,-1.014399431647147,-1.15153200878795,-1.0841871746396388,0.7808664803096097,-0.5325098246708209,-1.6877157374479796,1.0,0.0,0.0,0.0,1.0,0.0,0.0,0.0,0.0,0.0,0.0,0.0,7348.6862128951125,2974
-1.5539582058687165,1.013590930506089,-0.0805123461494298,-1.4159378438033847,0.4376594734561279,0.2640183216746987,-1.8585854320944837,0.0,1.0,0.0,0.0,0.0,1.0,0.0,0.0,0.0,0.0,0.0,0.0,7169.263051643376,6973
1.5350750788129237,0.4341651127480217,0.8245404566501366,1.6920421094148663,-0.0483958551688026,0.9228749365530914,0.96076452957283,0.0,1.0,0.0,0.0,0.0,0.0,0.0,0.0,0.0,0.0,0.0,1.0,9022.269519248934,12415
-1.5539582058687165,0.4341651127480217,-1.4626017090638082,-1.2937139130588466,0.5693767571674642,0.4705256188753889,-1.2605415008317198,1.0,0.0,0.0,0.0,0.0,0.0,1.0,0.0,0.0,0.0,0.0,0.0,7238.758070762098,3516
0.2112036710922208,-1.5938252494052143,-0.0695064071121029,0.2428155020153448,1.103666584052884,1.4833947432406795,0.191850903663562,0.0,0.0,0.0,1.0,0.0,1.0,0.0,0.0,0.0,0.0,0.0,0.0,7662.443760910104,9007
-1.5539582058687165,0.7238780216270554,0.3974695093428211,-1.5730828976177906,-1.6846584500054012,1.1392159145728618,-2.1148899740642384,0.0,0.0,1.0,0.0,0.0,0.0,0.0,0.0,1.0,0.0,0.0,0.0,7400.962720776855,8477
-0.2300867981480135,-0.4349736138890795,-0.0273057206192852,-0.0714746056134671,-0.0428303361387462,0.6081971503425159,-0.4061930275992018,1.0,0.0,0.0,0.0,0.0,1.0,0.0,0.0,0.0,0.0,0.0,0.0,8088.708357756155,8340
1.0937846095726895,1.3033038393851228,0.8158302349580191,1.098383017227111,0.9496872242213223,1.9652451033756224,0.7044599876030739,0.0,1.0,0.0,0.0,0.0,0.0,0.0,0.0,0.0,0.0,0.0,1.0,8577.292326220468,12436
0.6524941403324551,-1.3041123405261807,-0.0212288217643194,0.6618689788537606,0.0629145254323264,1.5128957856979204,0.53359029295657,0.0,1.0,0.0,0.0,0.0,1.0,0.0,0.0,0.0,0.0,0.0,0.0,8112.470463312018,10225
-0.2300867981480135,1.013590930506089,0.3158365013911144,-0.1413168517532029,0.4543560305462972,0.4410245764181472,0.191850903663562,1.0,0.0,0.0,0.0,0.0,0.0,0.0,0.0,1.0,0.0,0.0,0.0,7993.071345366518,6001
0.2112036710922208,-1.014399431647147,0.2629674813529123,0.3650394327598829,0.604625044357822,0.8835402132767693,0.2772857509868141,1.0,0.0,0.0,0.0,0.0,0.0,0.0,0.0,1.0,0.0,0.0,0.0,7925.233722209455,13464
0.6524941403324551,-0.7246865227681133,1.752145306311465,1.0110802095524407,0.8513630546903247,0.0378436628358475,0.362720598310066,1.0,0.0,0.0,0.0,0.0,0.0,0.0,0.0,0.0,1.0,0.0,0.0,8116.053977183078,7559
-1.5539582058687165,-0.4349736138890795,-0.997718946658928,-1.2762533515239127,-1.7514446783660786,0.7655360434478035,-1.7731505847712317,0.0,0.0,1.0,0.0,1.0,0.0,0.0,0.0,0.0,0.0,0.0,0.0,7205.212736858305,8255
-0.6713772673882478,0.7238780216270554,0.0546648928243639,-0.595291451661487,-1.432354920642842,-0.0998278686312794,-0.1498884856294458,0.0,0.0,1.0,0.0,0.0,0.0,0.0,0.0,0.0,0.0,1.0,0.0,7840.13494393247,13827
-0.2300867981480135,-1.014399431647147,-0.1891537934565398,-0.4381463978470808,0.1797904250635122,0.9130412557340112,-0.1498884856294458,1.0,0.0,0.0,0.0,0.0,1.0,0.0,0.0,0.0,0.0,0.0,0.0,7818.891323033762,11433
1.5350750788129237,0.1444522038689879,-0.0526936536133643,1.1856858249017803,0.0499283143621946,-1.201200120368294,1.558808460835594,1.0,0.0,0.0,0.0,0.0,0.0,0.0,0.0,0.0,0.0,1.0,0.0,9196.414637383514,9706
-1.5539582058687165,-1.3041123405261807,1.9405291708154035,-1.5207012130129889,0.1983421551637003,1.060546468020218,-1.3459763481549716,0.0,0.0,0.0,1.0,0.0,0.0,0.0,0.0,0.0,1.0,0.0,0.0,7273.143966386225,4760
0.2112036710922208,0.1444522038689879,1.9767880006500325,0.3475788712249489,1.146335563283317,-2.912260582888299,0.362720598310066,0.0,0.0,0.0,1.0,0.0,0.0,0.0,0.0,0.0,1.0,0.0,0.0,8092.942583404323,9954
1.0937846095726895,-1.5938252494052143,1.9426223248654475,1.063461894157243,-1.593754972514479,-1.761719927055882,1.3879387661890898,0.0,0.0,1.0,0.0,0.0,0.0,0.0,0.0,0.0,1.0,0.0,0.0,8426.94546459081,12601
0.6524941403324551,-1.5938252494052143,-0.0264954674386231,0.5920267327140245,1.1277838331831291,-0.5128424630326599,0.789894834926326,0.0,0.0,0.0,1.0,0.0,0.0,0.0,0.0,0.0,0.0,1.0,0.0,8135.034512476411,10563
0.2112036710922208,0.1444522038689879,-0.5183866691989067,0.1904338174105428,-1.4750238998732748,-0.4145056548418548,0.1064160563403101,0.0,0.0,1.0,0.0,0.0,0.0,0.0,1.0,0.0,0.0,0.0,0.0,7631.208467914761,9600
1.5350750788129237,0.4341651127480217,0.0766092498006291,1.4999759325305926,-0.0483958551688026,0.9228749365530914,0.96076452957283,0.0,1.0,0.0,0.0,0.0,0.0,0.0,0.0,0.0,0.0,1.0,0.0,9076.27346946881,8575
0.2112036710922208,0.1444522038689879,0.1666823950508993,0.2253549404804108,0.007259335131762,-0.3653372507464526,0.0209812090170581,1.0,0.0,0.0,0.0,0.0,0.0,0.0,0.0,0.0,0.0,1.0,0.0,8771.806846737718,3829
1.5350750788129237,0.1444522038689879,1.9728042558451104,1.7618843555546022,0.4079767052958267,-1.7420525654177208,1.558808460835594,0.0,0.0,0.0,1.0,0.0,0.0,0.0,0.0,0.0,1.0,0.0,0.0,8883.103419916326,8425
0.2112036710922208,1.3033038393851228,0.449258191806807,0.0507493251310709,-1.6382791247549309,0.7360350009905622,0.0209812090170581,0.0,0.0,1.0,0.0,0.0,0.0,0.0,0.0,1.0,0.0,0.0,0.0,8308.409548399946,8057
-1.112667736628482,1.013590930506089,1.902177186930731,-1.2064111053841768,1.1426252172632794,1.227719041944586,-1.2605415008317198,0.0,1.0,0.0,0.0,0.0,0.0,0.0,0.0,0.0,1.0,0.0,0.0,7291.852862345607,5895
1.0937846095726895,0.4341651127480217,-1.2301940884105622,1.2031463864367145,0.1334110998130417,0.3623551298655037,1.3025039188658378,0.0,1.0,0.0,0.0,1.0,0.0,0.0,0.0,0.0,0.0,0.0,0.0,8206.528985933215,3340
-1.5539582058687165,1.5930167482641566,0.7520227969808787,-1.4333984053383189,0.2280249233240014,-1.781387288694043,-1.8585854320944837,1.0,0.0,0.0,0.0,0.0,0.0,0.0,0.0,0.0,0.0,0.0,1.0,7863.013103448494,7492
-0.2300867981480135,-0.4349736138890795,0.5950362432275966,-0.577830890126553,0.7957078643897599,-1.1421980354538113,-0.4061930275992018,0.0,1.0,0.0,0.0,0.0,0.0,0.0,0.0,0.0,0.0,0.0,1.0,7726.277525832029,11608
-1.112667736628482,0.4341651127480217,0.1425098418278134,-1.1191082977095068,-1.5677825503742158,-0.4243393356609356,-0.8333672642154598,0.0,0.0,1.0,0.0,0.0,0.0,0.0,0.0,0.0,0.0,1.0,0.0,7793.311435681595,10996
-0.6713772673882478,-1.3041123405261807,-0.1994170004115931,-0.7524365054758928,0.7122250789389132,0.0181763011976865,-0.4061930275992018,0.0,0.0,0.0,1.0,0.0,1.0,0.0,0.0,0.0,0.0,0.0,0.0,7279.124483743079,3217
1.5350750788129237,-1.014399431647147,-1.621951501260688,1.4301336863908567,0.1074386776727781,-0.6210129520425451,1.3879387661890898,0.0,0.0,0.0,1.0,0.0,0.0,1.0,0.0,0.0,0.0,0.0,0.0,8515.640080029036,13807
-1.112667736628482,0.7238780216270554,-0.2905704832360795,-0.8921209977553648,0.0925972935926276,-0.5325098246708209,-0.9188021115387116,1.0,0.0,0.0,0.0,0.0,0.0,0.0,1.0,0.0,0.0,0.0,0.0,7562.50813791132,4159
1.0937846095726895,0.4341651127480217,0.0572982156615157,0.8364745942031007,0.9775148193716044,-1.31920429019726,1.2170690715425858,0.0,0.0,0.0,1.0,0.0,0.0,0.0,0.0,0.0,0.0,1.0,0.0,8721.37097861586,8836
-1.5539582058687165,0.4341651127480217,0.0599990595970561,-1.3984772822684508,0.5693767571674642,0.4705256188753889,-1.2605415008317198,1.0,0.0,0.0,0.0,0.0,0.0,0.0,0.0,0.0,0.0,1.0,0.0,7599.270649174727,5877
0.6524941403324551,-1.3041123405261807,0.6526317401529943,0.5920267327140245,0.4339491274360903,-0.5226761438517405,0.96076452957283,1.0,0.0,0.0,0.0,0.0,0.0,0.0,0.0,0.0,0.0,0.0,1.0,8371.591127597347,10317
1.5350750788129237,-0.4349736138890795,-0.2926636372861232,1.6396604248100648,0.5471146810472381,0.5196940229707913,1.1316342242193338,0.0,1.0,0.0,0.0,0.0,0.0,0.0,1.0,0.0,0.0,0.0,0.0,8335.544491257131,2923
-1.5539582058687165,1.5930167482641566,-0.2341228449832864,-1.6429251437575267,0.2280249233240014,-1.781387288694043,-1.8585854320944837,1.0,0.0,0.0,0.0,0.0,1.0,0.0,0.0,0.0,0.0,0.0,0.0,7486.870028374223,6072
1.5350750788129237,0.7238780216270554,-0.0475620501358377,1.6920421094148663,0.1111490236928157,-0.4636740589372576,1.473373613512342,0.0,0.0,0.0,1.0,0.0,0.0,0.0,0.0,0.0,0.0,1.0,0.0,9018.07205891358,13774
0.2112036710922208,-1.014399431647147,-1.005956520662326,0.2951971866201469,0.2465766534241896,1.2867211268590697,-0.0644536383061938,0.0,0.0,0.0,1.0,1.0,0.0,0.0,0.0,0.0,0.0,0.0,0.0,8054.495877129213,4817
0.6524941403324551,-1.5938252494052143,0.2770793909161106,0.6444084173188266,1.1277838331831291,-0.5128424630326599,0.789894834926326,0.0,0.0,0.0,1.0,0.0,0.0,0.0,0.0,1.0,0.0,0.0,0.0,7872.65253284719,11132
-0.6713772673882478,1.013590930506089,-0.9933975963620634,-0.7524365054758928,0.8365216706101745,-0.798019206785994,-0.6624975695689558,1.0,0.0,0.0,0.0,1.0,0.0,0.0,0.0,0.0,0.0,0.0,0.0,7856.058612672741,8182
-0.2300867981480135,-1.014399431647147,0.8276464271760081,-0.2111590978929389,0.0425076223221195,-1.2503685244636964,-0.3207581802759497,0.0,1.0,0.0,0.0,0.0,0.0,0.0,0.0,0.0,0.0,0.0,1.0,8071.015224048298,8438
0.6524941403324551,-1.5938252494052143,-0.1210250051825348,0.8364745942031007,1.1277838331831291,-0.5128424630326599,0.789894834926326,0.0,0.0,0.0,1.0,0.0,1.0,0.0,0.0,0.0,0.0,0.0,0.0,7815.667809114281,12415
-1.112667736628482,-1.014399431647147,-0.3971187764931457,-1.188950543849243,0.3541766880052811,1.3162221693163112,-1.5168460428014756,0.0,1.0,0.0,0.0,0.0,0.0,0.0,1.0,0.0,0.0,0.0,0.0,7004.2987014563,3533
-1.112667736628482,-0.1452607050100457,-0.4019127744787298,-1.223871666919111,-0.033554471088652,-0.2670004425556476,-0.7479324168922078,1.0,0.0,0.0,0.0,0.0,0.0,0.0,1.0,0.0,0.0,0.0,0.0,7425.728472343899,9005
-1.112667736628482,-0.4349736138890795,-1.37198839502643,-1.3460955976636486,0.3115077087748482,0.391856172322745,-0.5770627222457039,1.0,0.0,0.0,0.0,0.0,0.0,1.0,0.0,0.0,0.0,0.0,0.0,7591.1087003464245,8414
-0.6713772673882478,-0.7246865227681133,-0.1531650480154648,-0.647673136266289,-1.7254722562258151,0.3230204065891817,-0.3207581802759497,0.0,0.0,1.0,0.0,0.0,1.0,0.0,0.0,0.0,0.0,0.0,0.0,7405.355392785079,6024
1.0937846095726895,-0.4349736138890795,-0.9684823110567036,1.3777520017860545,-1.6271480866948178,-1.0733622697202478,1.3025039188658378,0.0,0.0,1.0,0.0,1.0,0.0,0.0,0.0,0.0,0.0,0.0,0.0,8428.85671663669,5747
1.0937846095726895,-0.7246865227681133,-1.0161522065189907,1.2031463864367145,1.1834390234836931,-0.1391625919076014,1.1316342242193338,0.0,0.0,0.0,1.0,1.0,0.0,0.0,0.0,0.0,0.0,0.0,0.0,8208.374883619806,5982
-1.5539582058687165,1.013590930506089,0.7833525866331466,-1.3635561591985828,-1.432354920642842,1.984912465013784,-1.6022808901247276,0.0,0.0,1.0,0.0,0.0,0.0,0.0,0.0,0.0,0.0,0.0,1.0,7405.473719171845,3564
-0.6713772673882478,-0.4349736138890795,-0.0695739282104914,-0.4730675209169488,0.4858939717166174,-1.348705332654501,-0.5770627222457039,0.0,1.0,0.0,0.0,0.0,1.0,0.0,0.0,0.0,0.0,0.0,0.0,7428.030843877078,11390
-1.5539582058687165,-1.014399431647147,0.0735708003731463,-1.4683195284081865,-1.4583273427831052,0.4508582572372279,-1.3459763481549716,0.0,0.0,1.0,0.0,0.0,0.0,0.0,0.0,0.0,0.0,1.0,0.0,7315.0628906748025,11009
-1.112667736628482,-1.5938252494052143,-0.2343254082784519,-1.223871666919111,0.3077973627548107,-1.879724096884848,-1.2605415008317198,1.0,0.0,0.0,0.0,0.0,1.0,0.0,0.0,0.0,0.0,0.0,0.0,7356.8529803499005,5436
0.2112036710922208,1.013590930506089,-1.0117633351237376,0.0682098866660049,0.539693989007163,0.352521449046423,0.0209812090170581,0.0,0.0,0.0,1.0,1.0,0.0,0.0,0.0,0.0,0.0,0.0,0.0,8208.523353686853,4855
-1.5539582058687165,1.013590930506089,-1.1128424194113349,-1.7651490745020644,0.8532182277003437,2.1815860813953942,-2.20032482138749,1.0,0.0,0.0,0.0,1.0,0.0,0.0,0.0,0.0,0.0,0.0,0.0,7329.367612443891,6206
0.6524941403324551,-1.014399431647147,-0.2155545429264466,0.8888562788079027,-1.6902239690354577,-0.3063351658319696,0.362720598310066,0.0,0.0,1.0,0.0,0.0,1.0,0.0,0.0,0.0,0.0,0.0,0.0,7971.320716966573,13088
-0.6713772673882478,-1.014399431647147,0.0143547970864244,-0.8571998746854969,-0.0391199901187083,0.273852002493779,-0.9188021115387116,1.0,0.0,0.0,0.0,0.0,0.0,0.0,0.0,0.0,0.0,1.0,0.0,8125.253231173287,8188
-1.5539582058687165,1.013590930506089,0.1747174057591319,-1.5730828976177906,0.7548940581693462,1.5325631473360817,-1.0896718061852158,0.0,0.0,0.0,1.0,0.0,0.0,0.0,0.0,0.0,0.0,1.0,0.0,7579.383042799362,10298
-1.112667736628482,-1.3041123405261807,0.2030087459839169,-1.1540294207793749,-1.5380997822139146,-0.739017121871511,-1.0042369588619635,0.0,0.0,1.0,0.0,0.0,0.0,0.0,0.0,1.0,0.0,0.0,0.0,7140.136974442305,3061
-0.2300867981480135,-1.014399431647147,0.0985536067768944,-0.612752013196421,0.9367010131511904,-1.3290379710163405,-0.5770627222457039,0.0,0.0,0.0,1.0,0.0,0.0,0.0,0.0,0.0,0.0,1.0,0.0,8103.866341197287,4214
-1.112667736628482,1.5930167482641566,-1.126819286777756,-1.0667266131047048,0.9533975702413598,-0.6308466328616258,-0.8333672642154598,1.0,0.0,0.0,0.0,1.0,0.0,0.0,0.0,0.0,0.0,0.0,0.0,7470.370157687867,6079
-0.6713772673882478,-1.014399431647147,1.8524141374184,-0.630212574731355,-0.0391199901187083,0.273852002493779,-0.9188021115387116,1.0,0.0,0.0,0.0,0.0,0.0,0.0,0.0,0.0,1.0,0.0,0.0,7881.786055980214,9066
1.5350750788129237,0.1444522038689879,-1.599129370005372,1.2904491941113845,0.4079767052958267,-1.7420525654177208,1.558808460835594,0.0,0.0,0.0,1.0,0.0,0.0,1.0,0.0,0.0,0.0,0.0,0.0,8597.10149860107,12198
1.0937846095726895,0.4341651127480217,0.3476389387321019,1.3253703171812523,0.9775148193716044,-1.31920429019726,1.2170690715425858,0.0,0.0,0.0,1.0,0.0,0.0,0.0,0.0,1.0,0.0,0.0,0.0,8370.950283378163,3698
-0.6713772673882478,-0.7246865227681133,0.2109087144953723,-0.647673136266289,0.3671628990754129,-0.3850046123846136,-0.4916278749224518,0.0,1.0,0.0,0.0,0.0,0.0,0.0,0.0,1.0,0.0,0.0,0.0,7325.509389910061,10662
0.2112036710922208,0.4341651127480217,-0.2559321597627746,0.4523422404345529,0.467342241616429,-0.2768341233747283,0.448155445633318,1.0,0.0,0.0,0.0,0.0,1.0,0.0,0.0,0.0,0.0,0.0,0.0,7943.431785066465,9855
-1.5539582058687165,-0.7246865227681133,1.868214074441311,-1.5556223360828565,0.0016938161017054,0.4803592996944692,-1.8585854320944837,0.0,1.0,0.0,0.0,0.0,0.0,0.0,0.0,0.0,1.0,0.0,0.0,7239.545673693235,10267
1.5350750788129237,-1.5938252494052143,0.38484306394417,1.7269632324847344,1.148190736293336,-0.1883309960030036,1.1316342242193338,0.0,0.0,0.0,1.0,0.0,0.0,0.0,0.0,1.0,0.0,0.0,0.0,8413.124078033801,13252
1.5350750788129237,-1.014399431647147,0.7269724694787421,1.4301336863908567,0.1074386776727781,-0.6210129520425451,1.3879387661890898,0.0,0.0,0.0,1.0,0.0,0.0,0.0,0.0,0.0,0.0,0.0,1.0,8921.485371830253,5357
-1.112667736628482,-1.014399431647147,-1.6049361844667838,-1.0318054900348368,0.2076180202137945,-0.1588299535457624,-1.0896718061852158,0.0,0.0,0.0,1.0,0.0,0.0,1.0,0.0,0.0,0.0,0.0,0.0,7212.6612264217565,6427
1.5350750788129237,0.1444522038689879,-0.4332425641309977,1.4825153709956589,0.3300594388750367,-0.955358099891282,1.3879387661890898,0.0,1.0,0.0,0.0,0.0,0.0,0.0,1.0,0.0,0.0,0.0,0.0,8338.204585682313,12924
-1.112667736628482,1.013590930506089,-0.066197873291066,-0.9270421208252329,1.1426252172632794,1.227719041944586,-1.2605415008317198,0.0,1.0,0.0,0.0,0.0,0.0,0.0,0.0,0.0,0.0,1.0,0.0,7309.149014776761,2698
1.5350750788129237,0.1444522038689879,-1.227898371065353,1.6047393017401967,0.3300594388750367,-0.955358099891282,1.3879387661890898,0.0,1.0,0.0,0.0,1.0,0.0,0.0,0.0,0.0,0.0,0.0,0.0,8414.611070964977,9443
0.2112036710922208,0.7238780216270554,0.2533794853817441,-0.001632359473731,1.1500459093033544,1.0900475104774596,0.1064160563403101,1.0,0.0,0.0,0.0,0.0,0.0,0.0,0.0,1.0,0.0,0.0,0.0,7997.305182828718,11913
1.0937846095726895,-0.1452607050100457,0.4267061449450452,1.0460013326223088,-0.0150027409884639,0.7852034050859644,0.619025140279822,0.0,0.0,0.0,1.0,0.0,0.0,0.0,0.0,1.0,0.0,0.0,0.0,8747.161238778972,6846
1.0937846095726895,-0.7246865227681133,0.6237327100427127,1.0285407710873748,0.2855352866345846,0.1853488751220547,0.448155445633318,0.0,1.0,0.0,0.0,0.0,0.0,0.0,0.0,0.0,0.0,0.0,1.0,8461.909714489258,3975
-0.6713772673882478,-0.1452607050100457,1.9206779678891817,-0.7698970670108268,0.840232016630212,-0.6406803136807061,-0.9188021115387116,1.0,0.0,0.0,0.0,0.0,0.0,0.0,0.0,0.0,1.0,0.0,0.0,7832.441598628147,11326
-0.2300867981480135,0.1444522038689879,-0.2849662320698332,-0.0714746056134671,0.0239558922219314,0.1656815134838937,-0.0644536383061938,0.0,1.0,0.0,0.0,0.0,1.0,0.0,0.0,0.0,0.0,0.0,0.0,7544.53831315768,7706
0.2112036710922208,1.013590930506089,-0.1154207540162886,0.3650394327598829,0.027666238241969,-1.1913664395492134,0.2772857509868141,1.0,0.0,0.0,0.0,0.0,1.0,0.0,0.0,0.0,0.0,0.0,0.0,8336.365277685647,12254
-1.5539582058687165,1.013590930506089,-0.3431694188807275,-1.5381617745479226,0.8532182277003437,2.1815860813953942,-2.20032482138749,1.0,0.0,0.0,0.0,0.0,0.0,0.0,1.0,0.0,0.0,0.0,0.0,7166.997434182575,4788
-0.6713772673882478,-1.014399431647147,0.304492956861845,-0.595291451661487,-1.4935756299734626,-0.5620108671280621,-0.6624975695689558,0.0,0.0,1.0,0.0,0.0,0.0,0.0,0.0,1.0,0.0,0.0,0.0,7455.691074988986,13861
1.5350750788129237,0.4341651127480217,-0.0691012805217719,1.4650548094607243,1.177873504453637,-2.73525432814485,1.6442433081588457,0.0,0.0,0.0,1.0,0.0,1.0,0.0,0.0,0.0,0.0,0.0,0.0,8565.003130893108,12820
1.0937846095726895,0.1444522038689879,1.931548864729732,0.8539351557380347,0.0202455462018935,0.8245381283622863,0.789894834926326,0.0,1.0,0.0,0.0,0.0,0.0,0.0,0.0,0.0,1.0,0.0,0.0,8643.237757741163,13218
1.0937846095726895,1.3033038393851228,-0.48881242810474,1.063461894157243,0.231735269344039,-0.798019206785994,0.96076452957283,1.0,0.0,0.0,0.0,0.0,0.0,0.0,1.0,0.0,0.0,0.0,0.0,8474.613833752024,10233
-0.2300867981480135,-1.014399431647147,1.7669324268585482,-0.612752013196421,-1.5362446092038955,-1.1323643546347306,-0.4061930275992018,0.0,0.0,1.0,0.0,0.0,0.0,0.0,0.0,0.0,1.0,0.0,0.0,7758.360538328456,5322
0.2112036710922208,0.7238780216270554,0.1454807701569077,0.155512694340675,0.6547147156283301,0.6868665968951595,0.362720598310066,0.0,0.0,0.0,1.0,0.0,0.0,0.0,0.0,0.0,0.0,1.0,0.0,8434.589195951488,6840
-1.5539582058687165,0.7238780216270554,-1.1948805539533724,-1.6254645822225926,0.1055835046627594,-0.3850046123846136,-1.6022808901247276,0.0,1.0,0.0,0.0,1.0,0.0,0.0,0.0,0.0,0.0,0.0,0.0,7132.89647973279,13086
-0.2300867981480135,0.1444522038689879,-1.5950105830036732,0.0332887635961369,0.0239558922219314,0.1656815134838937,-0.0644536383061938,0.0,1.0,0.0,0.0,0.0,0.0,1.0,0.0,0.0,0.0,0.0,0.0,7589.438162718103,12386
0.6524941403324551,-1.014399431647147,-1.456322246913677,0.3475788712249489,0.374583591115488,-1.0930296313584087,0.448155445633318,0.0,0.0,0.0,1.0,0.0,0.0,1.0,0.0,0.0,0.0,0.0,0.0,8261.405326241671,10245
1.5350750788129237,1.5930167482641566,0.2657358463868412,1.6221998632751309,-1.6141618756246865,-0.680015036957028,1.985982697451852,0.0,0.0,1.0,0.0,0.0,0.0,0.0,0.0,1.0,0.0,0.0,0.0,8666.993425976609,9281
-0.6713772673882478,0.4341651127480217,-0.4794269954287374,-0.7524365054758928,-1.4546169967630675,-0.4735077397563378,-0.3207581802759497,0.0,0.0,1.0,0.0,0.0,0.0,0.0,1.0,0.0,0.0,0.0,0.0,7243.593006534663,10268
0.6524941403324551,1.5930167482641566,-0.050262894071378,0.6444084173188266,0.0907421205826088,-0.0604931453549574,0.448155445633318,0.0,0.0,0.0,1.0,0.0,1.0,0.0,0.0,0.0,0.0,0.0,0.0,8550.712353831228,4312
0.2112036710922208,-0.1452607050100457,0.5915926672097828,0.2253549404804108,0.8847561688706633,0.0476773436549278,0.2772857509868141,0.0,0.0,0.0,1.0,0.0,0.0,0.0,0.0,0.0,0.0,0.0,1.0,7955.197588941778,14382
-0.2300867981480135,0.1444522038689879,0.7789637152378935,-0.1063957286833351,0.8383768436201928,-0.0604931453549574,0.0209812090170581,0.0,0.0,0.0,1.0,0.0,0.0,0.0,0.0,0.0,0.0,0.0,1.0,7956.058556462311,3544
-0.6713772673882478,0.7238780216270554,-0.222779300454017,-0.630212574731355,1.1147976221129974,1.4047252966880357,-0.6624975695689558,0.0,1.0,0.0,0.0,0.0,1.0,0.0,0.0,0.0,0.0,0.0,0.0,7150.789807591083,3850
-1.5539582058687165,0.1444522038689879,-1.1002159740126836,-1.3984772822684508,0.0054041621217429,-0.8668549725195573,-1.6877157374479796,0.0,1.0,0.0,0.0,1.0,0.0,0.0,0.0,0.0,0.0,0.0,0.0,7194.427299096602,8432
-1.5539582058687165,-0.1452607050100457,-0.5523497816883265,-1.381016720733517,1.0127631065619622,-0.1686636343648427,-1.5168460428014756,1.0,0.0,0.0,0.0,0.0,0.0,0.0,1.0,0.0,0.0,0.0,0.0,6744.613417102998,10604
-1.112667736628482,-0.7246865227681133,-1.3905566970832697,-1.101647736174573,-1.4787342458933124,0.372188810684584,-0.8333672642154598,0.0,0.0,1.0,0.0,0.0,0.0,1.0,0.0,0.0,0.0,0.0,0.0,7279.614895718879,6710
0.6524941403324551,-1.014399431647147,-0.1152857118195116,0.6967901019236287,0.8439423626502496,0.1558478326648135,0.362720598310066,0.0,1.0,0.0,0.0,0.0,1.0,0.0,0.0,0.0,0.0,0.0,0.0,7864.61280711674,13697
0.2112036710922208,-0.4349736138890795,1.8413406772826848,0.2951971866201469,1.098101065022828,0.942542298191252,0.362720598310066,0.0,0.0,0.0,1.0,0.0,0.0,0.0,0.0,0.0,1.0,0.0,0.0,7808.558307890045,3268
-1.5539582058687165,-1.5938252494052143,0.8236626823710861,-1.7651490745020644,0.5582457191073515,-0.680015036957028,-1.3459763481549716,1.0,0.0,0.0,0.0,0.0,0.0,0.0,0.0,0.0,0.0,0.0,1.0,7511.004021746972,3880
0.6524941403324551,-1.5938252494052143,-0.555860878804529,0.6793295403886946,1.1277838331831291,-0.5128424630326599,0.789894834926326,0.0,0.0,0.0,1.0,0.0,0.0,0.0,1.0,0.0,0.0,0.0,0.0,7492.752163611477,6748
0.2112036710922208,-0.7246865227681133,-0.4482322479732465,-0.1063957286833351,1.0387355287022255,1.1293822337537816,-0.2353233329526978,0.0,0.0,0.0,1.0,0.0,0.0,0.0,1.0,0.0,0.0,0.0,0.0,7592.81459898033,6102
0.6524941403324551,1.3033038393851228,-1.429516370853439,0.7317112249934966,1.1314941792031668,1.0998811912965398,0.875329682249578,0.0,0.0,0.0,1.0,0.0,0.0,1.0,0.0,0.0,0.0,0.0,0.0,8114.379819914931,12403
-0.2300867981480135,-1.014399431647147,-0.3171062749027633,-0.246080220962807,0.1797904250635122,0.9130412557340112,-0.1498884856294458,1.0,0.0,0.0,0.0,0.0,0.0,0.0,1.0,0.0,0.0,0.0,0.0,7768.095104709621,13696
-0.6713772673882478,0.4341651127480217,0.1040903368447521,-0.5429097670566849,0.537838815997144,0.5786961078852741,-0.9188021115387116,1.0,0.0,0.0,0.0,0.0,0.0,0.0,0.0,0.0,0.0,1.0,0.0,8130.352768158184,11137
1.5350750788129237,0.7238780216270554,-1.368544819008616,1.6396604248100648,0.0462179683421571,0.9032075749149304,1.558808460835594,0.0,1.0,0.0,0.0,0.0,0.0,1.0,0.0,0.0,0.0,0.0,0.0,8723.826469675281,6479
-1.5539582058687165,-0.7246865227681133,-1.4984554123081062,-1.5556223360828565,0.253997345464265,0.8737065324576891,-1.1751066535084678,1.0,0.0,0.0,0.0,0.0,0.0,1.0,0.0,0.0,0.0,0.0,0.0,7205.170160729162,6604
0.2112036710922208,0.4341651127480217,-1.3879908953445064,0.2078943789454768,-1.6661067199052129,-1.2700358861018577,0.191850903663562,0.0,0.0,1.0,0.0,0.0,0.0,1.0,0.0,0.0,0.0,0.0,0.0,8142.3468319142885,7742
1.0937846095726895,1.013590930506089,-1.4258027104420712,1.1856858249017803,1.1147976221129974,-0.1194952302694404,0.875329682249578,0.0,0.0,0.0,1.0,0.0,0.0,1.0,0.0,0.0,0.0,0.0,0.0,8383.96195981191,4346
-1.112667736628482,-0.4349736138890795,-0.0626192550764751,-1.3286350361287147,0.3115077087748482,0.391856172322745,-0.5770627222457039,1.0,0.0,0.0,0.0,0.0,1.0,0.0,0.0,0.0,0.0,0.0,0.0,7524.8277500763925,6566
-0.6713772673882478,-1.5938252494052143,0.6538471199239875,-0.560370328591619,0.0592041794122889,-0.0998278686312794,-1.0042369588619635,0.0,0.0,0.0,1.0,0.0,0.0,0.0,0.0,0.0,0.0,0.0,1.0,7749.2768455891755,11133
-1.5539582058687165,0.7238780216270554,0.7109699691606656,-1.5381617745479226,1.075838988902602,-0.4931751013944989,-1.5168460428014756,1.0,0.0,0.0,0.0,0.0,0.0,0.0,0.0,0.0,0.0,0.0,1.0,7434.557930839092,8450
1.5350750788129237,-1.5938252494052143,0.613401981989271,1.7793449170895363,1.148190736293336,-0.1883309960030036,1.1316342242193338,0.0,0.0,0.0,1.0,0.0,0.0,0.0,0.0,0.0,0.0,0.0,1.0,8403.408831168514,9301
-1.112667736628482,-1.5938252494052143,-0.5185217113956838,-0.9445026823601668,0.5155767398769187,1.1687169570301037,-1.0042369588619635,0.0,0.0,0.0,1.0,0.0,0.0,0.0,1.0,0.0,0.0,0.0,0.0,6823.744856357983,7445
-0.6713772673882478,-0.1452607050100457,-0.5391156464041789,-0.9794238054300348,0.159383521953305,0.8147044475432061,-0.7479324168922078,0.0,1.0,0.0,0.0,0.0,0.0,0.0,1.0,0.0,0.0,0.0,0.0,7208.317584891008,6500
0.2112036710922208,1.5930167482641566,0.2562153715140615,0.1904338174105428,-1.7310377752558717,0.6278645119806769,0.7044599876030739,0.0,0.0,1.0,0.0,0.0,0.0,0.0,0.0,1.0,0.0,0.0,0.0,8053.382214440968,4569
0.2112036710922208,1.3033038393851228,0.4524992045294554,0.1729732558756087,0.8791906498406067,-1.8502230544276064,0.0209812090170581,1.0,0.0,0.0,0.0,0.0,0.0,0.0,0.0,1.0,0.0,0.0,0.0,8406.501165079195,12495
1.0937846095726895,-1.014399431647147,0.842636111018257,1.2206069479716484,0.4654870686064106,0.0476773436549278,0.96076452957283,0.0,1.0,0.0,0.0,0.0,0.0,0.0,0.0,0.0,0.0,0.0,1.0,8530.24185960808,13549
-0.2300867981480135,0.1444522038689879,-0.4251400323243767,-0.4206858363121468,-1.7607205434161728,-0.798019206785994,-0.2353233329526978,0.0,0.0,1.0,0.0,0.0,0.0,0.0,1.0,0.0,0.0,0.0,0.0,7637.114347047979,10981
-1.5539582058687165,1.3033038393851228,-0.0836858377736897,-1.4159378438033847,0.1315559268030229,-0.1293289110885207,-1.3459763481549716,0.0,1.0,0.0,0.0,0.0,1.0,0.0,0.0,0.0,0.0,0.0,0.0,7232.139950904891,4674
-0.6713772673882478,1.3033038393851228,-0.4009674791012906,-0.560370328591619,-1.5139825330836698,1.0408791063820573,-0.4916278749224518,0.0,0.0,1.0,0.0,0.0,0.0,0.0,1.0,0.0,0.0,0.0,0.0,7372.810335176482,9402
1.0937846095726895,0.4341651127480217,0.1641841144105245,0.9936196480175068,0.417252570345921,-2.0567303516282966,0.7044599876030739,1.0,0.0,0.0,0.0,0.0,0.0,0.0,0.0,0.0,0.0,1.0,0.0,9176.952730345212,12991
1.5350750788129237,0.1444522038689879,1.9924528954761664,1.4475942479257906,0.0499283143621946,-1.201200120368294,1.558808460835594,1.0,0.0,0.0,0.0,0.0,0.0,0.0,0.0,0.0,1.0,0.0,0.0,9170.493515063139,11959
-0.2300867981480135,-1.5938252494052143,-0.4772663202803052,-0.263540782497741,-1.7217619102057775,1.50306210487884,-0.3207581802759497,0.0,0.0,1.0,0.0,0.0,0.0,0.0,1.0,0.0,0.0,0.0,0.0,7326.079974309501,4407
0.2112036710922208,-0.7246865227681133,-1.1774601105691371,0.0682098866660049,0.4840387987065984,-0.6210129520425451,0.0209812090170581,1.0,0.0,0.0,0.0,1.0,0.0,0.0,0.0,0.0,0.0,0.0,0.0,8034.033756642102,12227
-1.5539582058687165,0.4341651127480217,-1.4197258115871054,-1.4333984053383189,0.7753009612795531,-0.6505139944997869,-1.3459763481549716,0.0,1.0,0.0,0.0,0.0,0.0,1.0,0.0,0.0,0.0,0.0,0.0,7016.68604125642,6954
-0.2300867981480135,1.5930167482641566,-1.5675294959595505,0.0158282020612029,0.9923562034517552,-0.2571667617365674,0.191850903663562,0.0,1.0,0.0,0.0,0.0,0.0,1.0,0.0,0.0,0.0,0.0,0.0,7460.605099586948,6521
1.5350750788129237,1.3033038393851228,-0.2564048074514942,1.2555280710415164,0.4970250097767301,1.1392159145728618,1.9005478501286,0.0,1.0,0.0,0.0,0.0,1.0,0.0,0.0,0.0,0.0,0.0,0.0,8390.489073029285,13759
1.5350750788129237,-1.5938252494052143,0.3461534745675547,1.4475942479257906,0.5675215841574451,-0.1981646768220843,1.473373613512342,0.0,1.0,0.0,0.0,0.0,0.0,0.0,0.0,1.0,0.0,0.0,0.0,8397.484767254171,9493
-0.6713772673882478,0.7238780216270554,-1.6041934523845105,-0.350843590172411,-1.432354920642842,-0.0998278686312794,-0.1498884856294458,0.0,0.0,1.0,0.0,0.0,0.0,1.0,0.0,0.0,0.0,0.0,0.0,7308.997735796504,11380
0.6524941403324551,-0.1452607050100457,0.7278502437577926,0.9063168403428368,0.8958872069307767,0.6278645119806769,0.53359029295657,0.0,1.0,0.0,0.0,0.0,0.0,0.0,0.0,0.0,0.0,0.0,1.0,8120.112270677699,11458
0.2112036710922208,-1.5938252494052143,-0.2945542280410014,0.3126577481550808,-1.677237757965326,-0.5521771863089818,0.191850903663562,0.0,0.0,1.0,0.0,0.0,0.0,0.0,1.0,0.0,0.0,0.0,0.0,7740.74796991569,11978
1.0937846095726895,1.5930167482641566,-0.4316220577696735,1.1507647018319125,0.8420871896402304,-1.181532758730133,0.789894834926326,1.0,0.0,0.0,0.0,0.0,0.0,0.0,1.0,0.0,0.0,0.0,0.0,8403.418467785785,14836
-1.112667736628482,-0.4349736138890795,0.6007080154922313,-1.188950543849243,0.4691974146264481,-0.6701813561379478,-0.5770627222457039,0.0,1.0,0.0,0.0,0.0,0.0,0.0,0.0,0.0,0.0,0.0,1.0,7274.779754292062,6079
-0.2300867981480135,-0.7246865227681133,0.658303512417629,-0.560370328591619,-1.4991411490035194,-0.3555035699273719,-0.5770627222457039,0.0,0.0,1.0,0.0,0.0,0.0,0.0,0.0,0.0,0.0,0.0,1.0,7928.207516842464,12083
-1.112667736628482,-0.4349736138890795,-1.5478133352301058,-1.188950543849243,0.7623147502094213,-0.798019206785994,-0.9188021115387116,0.0,0.0,0.0,1.0,0.0,0.0,1.0,0.0,0.0,0.0,0.0,0.0,7192.997044143914,6787
-1.5539582058687165,-1.3041123405261807,0.0335307890287608,-1.101647736174573,1.1147976221129974,-0.3948382932036939,-1.6877157374479796,1.0,0.0,0.0,0.0,0.0,0.0,0.0,0.0,0.0,0.0,1.0,0.0,7273.817706263949,3186
1.0937846095726895,1.3033038393851228,-0.3438446298646125,1.1333041402969783,0.9051630719808704,-0.3948382932036939,0.875329682249578,0.0,0.0,0.0,1.0,0.0,0.0,0.0,1.0,0.0,0.0,0.0,0.0,8299.12637625324,6872
-0.6713772673882478,1.013590930506089,-0.0891550467431589,-0.4032252747772128,0.7623147502094213,-1.181532758730133,-0.6624975695689558,0.0,0.0,0.0,1.0,0.0,1.0,0.0,0.0,0.0,0.0,0.0,0.0,7605.742366775739,12063
0.6524941403324551,0.1444522038689879,-1.385019967015412,0.8364745942031007,0.8569285737203813,-1.1913664395492134,0.789894834926326,1.0,0.0,0.0,0.0,0.0,0.0,1.0,0.0,0.0,0.0,0.0,0.0,8313.018960179714,3457
1.0937846095726895,-1.3041123405261807,0.1419021519423168,1.3952125633209886,-1.4471963047229923,1.0113780639248156,1.473373613512342,0.0,0.0,1.0,0.0,0.0,0.0,0.0,0.0,0.0,0.0,1.0,0.0,8514.618975183115,11036
1.5350750788129237,-0.4349736138890795,0.1641841144105245,1.8142660401594044,-1.7254722562258151,-0.739017121871511,1.729678155482096,0.0,0.0,1.0,0.0,0.0,0.0,0.0,0.0,0.0,0.0,1.0,0.0,8979.157506218158,11650
1.5350750788129237,-0.4349736138890795,-0.4956995801403679,1.6745815478799322,0.1167145427228724,-0.6701813561379478,1.3025039188658378,0.0,0.0,0.0,1.0,0.0,0.0,0.0,1.0,0.0,0.0,0.0,0.0,8396.312988396474,5408
-0.2300867981480135,1.3033038393851228,-0.488272259317632,-0.4032252747772128,1.010907933551943,-1.624048395588755,0.1064160563403101,0.0,1.0,0.0,0.0,0.0,0.0,0.0,1.0,0.0,0.0,0.0,0.0,7354.708415003312,6395
-1.5539582058687165,-0.4349736138890795,-1.5601696962352027,-1.5381617745479226,0.8662044387704756,-0.2768341233747283,-1.2605415008317198,0.0,1.0,0.0,0.0,0.0,0.0,1.0,0.0,0.0,0.0,0.0,0.0,6754.580539878976,6867
-1.112667736628482,0.7238780216270554,-1.431474482706706,-0.8222787516156289,0.0925972935926276,-0.5325098246708209,-0.9188021115387116,1.0,0.0,0.0,0.0,0.0,0.0,1.0,0.0,0.0,0.0,0.0,0.0,7676.092577079022,3508
1.5350750788129237,1.3033038393851228,-0.0814576415268689,1.2729886325764506,0.1649490409833616,-0.8373539300623161,1.815113002805348,0.0,0.0,0.0,1.0,0.0,0.0,0.0,0.0,0.0,0.0,1.0,0.0,9061.54041569944,4197
-1.112667736628482,0.4341651127480217,0.0670887749278495,-1.0841871746396388,0.8532182277003437,1.2473864035827475,-1.0042369588619635,0.0,1.0,0.0,0.0,0.0,0.0,0.0,0.0,0.0,0.0,1.0,0.0,7477.917928634519,5462
1.0937846095726895,0.1444522038689879,-1.142619223800667,0.8190140326681667,0.9496872242213223,-0.2079983576411646,0.789894834926326,0.0,0.0,0.0,1.0,1.0,0.0,0.0,0.0,0.0,0.0,0.0,0.0,8327.90598124352,13418
1.5350750788129237,-1.5938252494052143,0.0013907461958308,1.3428308787161864,0.1130041967028345,-0.7488508026905918,1.3879387661890898,1.0,0.0,0.0,0.0,0.0,0.0,0.0,0.0,0.0,0.0,1.0,0.0,9054.12697687447,8168
1.5350750788129237,-0.4349736138890795,1.7688230176134263,1.6571209863449987,0.9367010131511904,-1.181532758730133,1.3879387661890898,1.0,0.0,0.0,0.0,0.0,0.0,0.0,0.0,0.0,1.0,0.0,0.0,8603.070416370201,7284
-1.112667736628482,1.5930167482641566,-1.53268860919108,-1.0667266131047048,0.7548940581693462,-0.4341730164800159,-0.9188021115387116,0.0,0.0,0.0,1.0,0.0,0.0,1.0,0.0,0.0,0.0,0.0,0.0,7371.416352243441,11576
-0.2300867981480135,1.013590930506089,0.429069383388643,-0.333383028637477,-1.5585066853241216,0.8638728516386084,-0.1498884856294458,0.0,0.0,1.0,0.0,0.0,0.0,0.0,0.0,1.0,0.0,0.0,0.0,7986.773333063226,8305
0.6524941403324551,1.013590930506089,-1.066657988113595,0.6094872942489585,-1.5900446264944414,2.024247188290106,0.53359029295657,0.0,0.0,1.0,0.0,1.0,0.0,0.0,0.0,0.0,0.0,0.0,0.0,8251.744286324436,8635
-1.112667736628482,-0.7246865227681133,0.4364291831129904,-1.4333984053383189,-1.4787342458933124,0.372188810684584,-0.8333672642154598,0.0,0.0,1.0,0.0,0.0,0.0,0.0,0.0,1.0,0.0,0.0,0.0,7425.82558293919,5236
-0.2300867981480135,-0.1452607050100457,1.738573565535375,-0.0714746056134671,0.5025905288067868,-1.7027178421413989,-0.2353233329526978,0.0,1.0,0.0,0.0,0.0,0.0,0.0,0.0,0.0,1.0,0.0,0.0,7622.01292422386,13799
-1.5539582058687165,-0.1452607050100457,-0.3657889868408778,-1.3460955976636486,1.0294596636521314,1.9652451033756224,-1.0896718061852158,0.0,0.0,0.0,1.0,0.0,0.0,0.0,1.0,0.0,0.0,0.0,0.0,6701.387803260679,10319
0.2112036710922208,-1.014399431647147,0.8077952242497866,0.138052132805741,0.604625044357822,0.8835402132767693,0.2772857509868141,1.0,0.0,0.0,0.0,0.0,0.0,0.0,0.0,0.0,0.0,0.0,1.0,8303.977879625421,8716
-1.5539582058687165,1.013590930506089,-0.0639696770442452,-1.5556223360828565,-1.432354920642842,1.984912465013784,-1.6022808901247276,0.0,0.0,1.0,0.0,0.0,1.0,0.0,0.0,0.0,0.0,0.0,0.0,7176.170492564887,4048
-0.6713772673882478,1.013590930506089,-1.5367398750943904,-0.1762379748230709,0.8365216706101745,-0.798019206785994,-0.6624975695689558,1.0,0.0,0.0,0.0,0.0,0.0,1.0,0.0,0.0,0.0,0.0,0.0,7574.3592397019165,5391
0.6524941403324551,0.4341651127480217,0.7978021016882874,0.6269478557838926,-1.4787342458933124,-1.260202205282777,0.96076452957283,0.0,0.0,1.0,0.0,0.0,0.0,0.0,0.0,0.0,0.0,0.0,1.0,8487.94828147417,12385
-1.5539582058687165,-0.1452607050100457,0.352432936717686,-1.8524518821767344,1.0294596636521314,1.9652451033756224,-1.0896718061852158,0.0,0.0,0.0,1.0,0.0,0.0,0.0,0.0,1.0,0.0,0.0,0.0,7037.167084840388,10452
0.6524941403324551,1.3033038393851228,-1.0486973759422518,0.7840929095982987,0.2688387295444153,-0.6505139944997869,0.448155445633318,0.0,1.0,0.0,0.0,1.0,0.0,0.0,0.0,0.0,0.0,0.0,0.0,8312.944706357866,7986
-0.6713772673882478,1.3033038393851228,0.4379146472775376,-0.577830890126553,0.7400526740891953,-1.7912209695131234,-0.7479324168922078,0.0,1.0,0.0,0.0,0.0,0.0,0.0,0.0,1.0,0.0,0.0,0.0,7710.678119951304,11540
0.6524941403324551,-0.4349736138890795,-1.5987917645134295,0.5745661711790906,-1.7273274292358345,0.7360350009905622,0.96076452957283,0.0,0.0,1.0,0.0,0.0,0.0,1.0,0.0,0.0,0.0,0.0,0.0,7974.331010356035,9528
-1.112667736628482,-1.3041123405261807,-0.0431731787405847,-1.3460955976636486,0.6658457536884428,1.4833947432406795,-1.5168460428014756,0.0,0.0,0.0,1.0,0.0,1.0,0.0,0.0,0.0,0.0,0.0,0.0,7320.074249577798,2963
-1.5539582058687165,1.5930167482641566,-0.1212950895760889,-1.4508589668732526,1.148190736293336,-0.5521771863089818,-1.6022808901247276,0.0,1.0,0.0,0.0,0.0,1.0,0.0,0.0,0.0,0.0,0.0,0.0,6973.244056437253,11172
1.5350750788129237,-1.014399431647147,-1.3840746716379728,1.2206069479716484,-1.7143412181657025,0.1361804710266525,1.3879387661890898,0.0,0.0,1.0,0.0,0.0,0.0,1.0,0.0,0.0,0.0,0.0,0.0,8667.157933885966,11197
-0.6713772673882478,0.1444522038689879,0.2091531659372711,-0.7524365054758928,0.9088734180009078,0.0968457477503305,-0.6624975695689558,0.0,0.0,0.0,1.0,0.0,0.0,0.0,0.0,1.0,0.0,0.0,0.0,7422.29508647404,5297
1.5350750788129237,1.3033038393851228,-1.5966986104633858,1.2206069479716484,0.1649490409833616,-0.8373539300623161,1.815113002805348,0.0,0.0,0.0,1.0,0.0,0.0,1.0,0.0,0.0,0.0,0.0,0.0,8735.522327324754,10185
0.2112036710922208,-0.4349736138890795,-1.071046859508848,-0.0540140440785331,0.6250319474680289,-0.4636740589372576,0.53359029295657,1.0,0.0,0.0,0.0,1.0,0.0,0.0,0.0,0.0,0.0,0.0,0.0,8091.654767178132,10069
-1.5539582058687165,0.7238780216270554,-1.1318158480585054,-1.1365688592444407,0.9292803211111154,-1.397873736749904,-2.0294551267409875,0.0,0.0,0.0,1.0,1.0,0.0,0.0,0.0,0.0,0.0,0.0,0.0,7107.621604455699,5036
0.2112036710922208,-0.1452607050100457,-0.0516808371375367,0.3650394327598829,-1.6735274119452883,0.1755151943029745,-0.0644536383061938,0.0,0.0,1.0,0.0,0.0,1.0,0.0,0.0,0.0,0.0,0.0,0.0,8019.291119334163,4817
1.0937846095726895,0.7238780216270554,-1.4869093044836712,1.2206069479716484,-1.6271480866948178,-0.2965014850128893,1.2170690715425858,0.0,0.0,1.0,0.0,0.0,0.0,1.0,0.0,0.0,0.0,0.0,0.0,8395.454765896036,13763
-0.2300867981480135,0.1444522038689879,-0.1460753326846715,-0.0365534825435991,0.8383768436201928,-0.0604931453549574,0.0209812090170581,0.0,0.0,0.0,1.0,0.0,1.0,0.0,0.0,0.0,0.0,0.0,0.0,7598.643576305004,4140
-1.112667736628482,-0.7246865227681133,0.087345104444402,-1.3111744745937808,-1.4787342458933124,0.372188810684584,-0.8333672642154598,0.0,0.0,1.0,0.0,0.0,0.0,0.0,0.0,0.0,0.0,1.0,0.0,7609.599541967807,3522
1.5350750788129237,0.1444522038689879,0.3294757632655931,1.3253703171812523,0.3300594388750367,-0.955358099891282,1.3879387661890898,0.0,1.0,0.0,0.0,0.0,0.0,0.0,0.0,1.0,0.0,0.0,0.0,8662.988135756796,8461
-1.5539582058687165,0.4341651127480217,0.8410831257553212,-1.5207012130129889,0.6955285218487439,0.273852002493779,-1.6022808901247276,0.0,0.0,0.0,1.0,0.0,0.0,0.0,0.0,0.0,0.0,0.0,1.0,7518.480934524925,8416
-1.5539582058687165,-0.1452607050100457,-0.1426317566668575,-1.2937139130588466,1.0294596636521314,1.9652451033756224,-1.0896718061852158,0.0,0.0,0.0,1.0,0.0,1.0,0.0,0.0,0.0,0.0,0.0,0.0,6813.604701513509,7733
-0.6713772673882478,-0.7246865227681133,-1.4579427532750011,-0.9095815592902988,0.5675215841574451,0.6475318736188379,-0.4916278749224518,1.0,0.0,0.0,0.0,0.0,0.0,1.0,0.0,0.0,0.0,0.0,0.0,7637.470108400231,9964
-0.2300867981480135,-0.4349736138890795,1.7528880383937386,-0.4032252747772128,-0.0428303361387462,0.6081971503425159,-0.4061930275992018,1.0,0.0,0.0,0.0,0.0,0.0,0.0,0.0,0.0,1.0,0.0,0.0,8053.280340591258,7696
-1.112667736628482,-1.014399431647147,1.9264172612522048,-0.9095815592902988,0.7808664803096097,-0.5325098246708209,-1.6877157374479796,1.0,0.0,0.0,0.0,0.0,0.0,0.0,0.0,0.0,1.0,0.0,0.0,7553.764092300514,9355
0.2112036710922208,0.7238780216270554,0.2313000862087019,0.1729732558756087,0.6547147156283301,0.6868665968951595,0.362720598310066,0.0,0.0,0.0,1.0,0.0,0.0,0.0,0.0,1.0,0.0,0.0,0.0,7943.150047888054,6843
-0.6713772673882478,-0.1452607050100457,1.9795563656839608,-0.368304151707345,0.159383521953305,0.8147044475432061,-0.7479324168922078,0.0,1.0,0.0,0.0,0.0,0.0,0.0,0.0,0.0,1.0,0.0,0.0,7690.6684887428,12761
0.6524941403324551,-1.5938252494052143,0.7597877232955571,0.6967901019236287,-1.4954308029834815,-0.0309921028977161,1.1316342242193338,0.0,0.0,1.0,0.0,0.0,0.0,0.0,0.0,0.0,0.0,0.0,1.0,8195.28315021949,10193
-0.6713772673882478,1.3033038393851228,0.0187436684816775,-0.9445026823601668,0.7400526740891953,-1.7912209695131234,-0.7479324168922078,0.0,1.0,0.0,0.0,0.0,0.0,0.0,0.0,0.0,0.0,1.0,0.0,7901.438617417626,8267
-0.6713772673882478,-0.1452607050100457,-1.222834288686215,-0.9445026823601668,1.1277838331831291,0.352521449046423,-0.3207581802759497,0.0,0.0,0.0,1.0,1.0,0.0,0.0,0.0,0.0,0.0,0.0,0.0,7251.382226604467,6217
0.2112036710922208,-1.5938252494052143,0.6724154219808273,0.2428155020153448,1.103666584052884,1.4833947432406795,0.191850903663562,0.0,0.0,0.0,1.0,0.0,0.0,0.0,0.0,0.0,0.0,0.0,1.0,7810.474085691417,11512
-1.112667736628482,1.5930167482641566,1.9064310161292064,-0.8921209977553648,0.7548940581693462,-0.4341730164800159,-0.9188021115387116,0.0,0.0,0.0,1.0,0.0,0.0,0.0,0.0,0.0,1.0,0.0,0.0,7564.268360985483,9504
-0.6713772673882478,-0.4349736138890795,-1.544302238113903,-0.630212574731355,-1.6976446610755331,-0.0506594645358771,-0.9188021115387116,0.0,0.0,1.0,0.0,0.0,0.0,1.0,0.0,0.0,0.0,0.0,0.0,7477.142333000413,9260
-0.2300867981480135,-1.3041123405261807,-1.034112818690334,-0.315922467102543,0.0054041621217429,0.7753697242668841,-0.3207581802759497,0.0,0.0,0.0,1.0,1.0,0.0,0.0,0.0,0.0,0.0,0.0,0.0,7882.849102109818,5553
-1.5539582058687165,-0.7246865227681133,0.4188061764335897,-1.6254645822225926,-1.6605412008751568,-0.5423435054899015,-1.4314111954782236,0.0,0.0,1.0,0.0,0.0,0.0,0.0,0.0,1.0,0.0,0.0,0.0,7256.049237515566,10798
-1.5539582058687165,0.1444522038689879,-0.3775376579604783,-1.6429251437575267,0.3282042658650175,-2.037062989990136,-1.2605415008317198,0.0,0.0,0.0,1.0,0.0,0.0,0.0,1.0,0.0,0.0,0.0,0.0,7098.960245562709,5996
-0.2300867981480135,-1.3041123405261807,-1.188060923016133,-0.1413168517532029,0.1946318091436628,1.4440600199643574,-0.2353233329526978,1.0,0.0,0.0,0.0,1.0,0.0,0.0,0.0,0.0,0.0,0.0,0.0,7728.947209725637,9836
1.5350750788129237,-1.5938252494052143,0.2500034304623187,1.7095026709498002,0.1130041967028345,-0.7488508026905918,1.3879387661890898,1.0,0.0,0.0,0.0,0.0,0.0,0.0,0.0,1.0,0.0,0.0,0.0,8679.334340747439,9050
-1.5539582058687165,0.1444522038689879,-1.4550393460442952,-1.5905434591527243,0.0054041621217429,-0.8668549725195573,-1.6877157374479796,0.0,1.0,0.0,0.0,0.0,0.0,1.0,0.0,0.0,0.0,0.0,0.0,7245.955560683119,2720
-1.5539582058687165,-0.1452607050100457,-1.628973695493093,-1.5032406514780543,1.0294596636521314,1.9652451033756224,-1.0896718061852158,0.0,0.0,0.0,1.0,0.0,0.0,1.0,0.0,0.0,0.0,0.0,0.0,6721.386278469237,10497
1.0937846095726895,-1.3041123405261807,-0.415619557451597,1.0110802095524407,0.5192870858969562,-0.5030087822135796,0.7044599876030739,0.0,0.0,0.0,1.0,0.0,0.0,0.0,1.0,0.0,0.0,0.0,0.0,8131.487347387342,3601
-1.5539582058687165,0.7238780216270554,-0.3747017718281609,-1.6603857052924609,1.075838988902602,-0.4931751013944989,-1.5168460428014756,1.0,0.0,0.0,0.0,0.0,0.0,0.0,1.0,0.0,0.0,0.0,0.0,7055.9928454866185,9702
-1.5539582058687165,0.1444522038689879,-0.3960384389189296,-1.6603857052924609,0.0054041621217429,-0.8668549725195573,-1.6877157374479796,0.0,1.0,0.0,0.0,0.0,0.0,0.0,1.0,0.0,0.0,0.0,0.0,7043.997810274151,8255
-0.6713772673882478,0.1444522038689879,0.8193413320742216,-0.333383028637477,-1.7032101801055894,-1.5355452682170307,-0.8333672642154598,0.0,0.0,1.0,0.0,0.0,0.0,0.0,0.0,0.0,0.0,0.0,1.0,7935.814056423615,6393
0.2112036710922208,1.013590930506089,-1.1950155961501494,-0.0714746056134671,0.027666238241969,-1.1913664395492134,0.2772857509868141,1.0,0.0,0.0,0.0,1.0,0.0,0.0,0.0,0.0,0.0,0.0,0.0,8319.452952208312,2730
0.6524941403324551,-0.7246865227681133,0.6605317086644498,0.6269478557838926,0.8513630546903247,0.0378436628358475,0.362720598310066,1.0,0.0,0.0,0.0,0.0,0.0,0.0,0.0,0.0,0.0,0.0,1.0,8362.92167171648,8219
-1.112667736628482,0.4341651127480217,1.7589649372487044,-0.8921209977553648,0.8532182277003437,1.2473864035827475,-1.0042369588619635,0.0,1.0,0.0,0.0,0.0,0.0,0.0,0.0,0.0,1.0,0.0,0.0,7082.620056495892,4938
-0.2300867981480135,1.3033038393851228,-1.4781315616931652,-0.333383028637477,0.8847561688706633,0.9228749365530914,-0.4061930275992018,1.0,0.0,0.0,0.0,0.0,0.0,1.0,0.0,0.0,0.0,0.0,0.0,7930.895796347603,6142
-1.112667736628482,-1.3041123405261807,-1.4068292817949002,-1.0318054900348368,1.0220389716120564,1.7194030828986104,-1.0042369588619635,0.0,1.0,0.0,0.0,0.0,0.0,1.0,0.0,0.0,0.0,0.0,0.0,6953.62799142246,11195
-0.2300867981480135,0.1444522038689879,-1.091235667927012,-0.246080220962807,0.1204248887429099,-0.680015036957028,-0.3207581802759497,1.0,0.0,0.0,0.0,1.0,0.0,0.0,0.0,0.0,0.0,0.0,0.0,8077.423391615315,6811
0.6524941403324551,-1.014399431647147,-1.123375710759942,0.6793295403886946,0.7196457709789883,0.9032075749149304,0.191850903663562,1.0,0.0,0.0,0.0,1.0,0.0,0.0,0.0,0.0,0.0,0.0,0.0,8162.810192804358,13794
0.6524941403324551,1.5930167482641566,-0.2046161249875082,0.522184486574289,0.5471146810472381,0.5295277037898719,0.191850903663562,1.0,0.0,0.0,0.0,0.0,1.0,0.0,0.0,0.0,0.0,0.0,0.0,8411.7178136475,15144
-1.5539582058687165,-0.7246865227681133,1.820679221175801,-1.4683195284081865,0.253997345464265,0.8737065324576891,-1.1751066535084678,1.0,0.0,0.0,0.0,0.0,0.0,0.0,0.0,0.0,1.0,0.0,0.0,7283.31036776488,11338
-0.6713772673882478,-0.7246865227681133,-0.4391168996907979,-0.7349759439409588,0.5675215841574451,0.6475318736188379,-0.4916278749224518,1.0,0.0,0.0,0.0,0.0,0.0,0.0,1.0,0.0,0.0,0.0,0.0,7350.858438547537,5329
1.0937846095726895,0.7238780216270554,-0.5374951400428547,0.9936196480175068,0.3115077087748482,-1.761719927055882,0.619025140279822,0.0,1.0,0.0,0.0,0.0,0.0,0.0,1.0,0.0,0.0,0.0,0.0,8149.545504871341,13648
0.2112036710922208,1.5930167482641566,0.6421659699027755,0.1729732558756087,-0.0725131042990474,1.424392658326196,0.362720598310066,0.0,0.0,0.0,1.0,0.0,0.0,0.0,0.0,0.0,0.0,0.0,1.0,8410.048636716243,7092
-1.112667736628482,0.7238780216270554,0.2750537579644553,-1.1714899823143088,0.0925972935926276,-0.5325098246708209,-0.9188021115387116,1.0,0.0,0.0,0.0,0.0,0.0,0.0,0.0,1.0,0.0,0.0,0.0,7695.280019836656,9953
0.2112036710922208,-1.014399431647147,-0.2938114959587278,0.3126577481550808,0.2465766534241896,1.2867211268590697,-0.0644536383061938,0.0,0.0,0.0,1.0,0.0,0.0,0.0,1.0,0.0,0.0,0.0,0.0,7865.457470901486,10576
-0.2300867981480135,0.4341651127480217,0.0195539216623396,-0.246080220962807,0.1686593870033992,1.4145589775071157,0.0209812090170581,0.0,0.0,0.0,1.0,0.0,0.0,0.0,0.0,0.0,0.0,1.0,0.0,8168.438228874938,7265
-0.2300867981480135,0.1444522038689879,0.8379096341310613,-0.5079886439868169,0.0239558922219314,0.1656815134838937,-0.0644536383061938,0.0,1.0,0.0,0.0,0.0,0.0,0.0,0.0,0.0,0.0,0.0,1.0,8177.376564610897,4644
-1.5539582058687165,1.5930167482641566,-1.4472744197296168,-1.3460955976636486,0.2280249233240014,-1.781387288694043,-1.8585854320944837,1.0,0.0,0.0,0.0,0.0,0.0,1.0,0.0,0.0,0.0,0.0,0.0,7603.86302937579,4624
-1.5539582058687165,-0.7246865227681133,0.0821459798684868,-1.3984772822684508,0.253997345464265,0.8737065324576891,-1.1751066535084678,1.0,0.0,0.0,0.0,0.0,0.0,0.0,0.0,0.0,0.0,1.0,0.0,7584.009860772763,8661
1.0937846095726895,1.5930167482641566,0.284169106246904,0.8888562788079027,0.2669835565343968,1.060546468020218,0.7044599876030739,0.0,1.0,0.0,0.0,0.0,0.0,0.0,0.0,1.0,0.0,0.0,0.0,8535.632082016611,5841
0.6524941403324551,0.4341651127480217,-0.2477621068577651,0.8015534711332327,0.8309561515801177,-1.761719927055882,0.619025140279822,1.0,0.0,0.0,0.0,0.0,1.0,0.0,0.0,0.0,0.0,0.0,0.0,8140.397436448473,7084
1.5350750788129237,-0.7246865227681133,-1.1041321977192171,1.8142660401594044,1.1389148712432418,1.1293822337537816,1.6442433081588457,0.0,0.0,0.0,1.0,1.0,0.0,0.0,0.0,0.0,0.0,0.0,0.0,8258.897988008828,4961
1.5350750788129237,1.3033038393851228,0.3983472836218717,1.6047393017401967,0.3449008229551869,-1.3290379710163405,1.3025039188658378,1.0,0.0,0.0,0.0,0.0,0.0,0.0,0.0,1.0,0.0,0.0,0.0,9088.651452189208,9514
0.6524941403324551,-1.3041123405261807,1.9075113537034227,0.539645048109223,0.4339491274360903,-0.5226761438517405,0.96076452957283,1.0,0.0,0.0,0.0,0.0,0.0,0.0,0.0,0.0,1.0,0.0,0.0,8374.64631815148,9183
0.2112036710922208,0.7238780216270554,-0.2643047759629497,0.2602760635502788,1.1500459093033544,1.0900475104774596,0.1064160563403101,1.0,0.0,0.0,0.0,0.0,1.0,0.0,0.0,0.0,0.0,0.0,0.0,7799.492510956445,12619
-0.6713772673882478,1.5930167482641566,0.3102322502248682,-0.647673136266289,-0.0854993153691788,-0.3948382932036939,-0.5770627222457039,0.0,1.0,0.0,0.0,0.0,0.0,0.0,0.0,1.0,0.0,0.0,0.0,7791.409379509805,6436
-0.6713772673882478,1.3033038393851228,-0.3562685119680981,-0.350843590172411,0.2911008056646413,0.1755151943029745,-0.5770627222457039,0.0,0.0,0.0,1.0,0.0,0.0,0.0,1.0,0.0,0.0,0.0,0.0,7544.009053890808,2584
-1.5539582058687165,-1.014399431647147,-0.9733438301406764,-1.747688512967131,-1.4583273427831052,0.4508582572372279,-1.3459763481549716,0.0,0.0,1.0,0.0,1.0,0.0,0.0,0.0,0.0,0.0,0.0,0.0,7130.794807412012,12337
1.5350750788129237,-0.1452607050100457,-0.0893576100383244,1.4301336863908567,0.7827216533196282,0.1853488751220547,1.473373613512342,0.0,1.0,0.0,0.0,0.0,1.0,0.0,0.0,0.0,0.0,0.0,0.0,8399.075303358939,10186
-0.6713772673882478,-0.4349736138890795,-1.007847111417204,-0.8048181900806949,0.4135422243258834,-0.8865223341577183,-0.8333672642154598,0.0,0.0,0.0,1.0,1.0,0.0,0.0,0.0,0.0,0.0,0.0,0.0,7732.807691809152,6492
-0.6713772673882478,1.5930167482641566,0.1121253475529846,-0.4905280824518829,-0.0854993153691788,-0.3948382932036939,-0.5770627222457039,0.0,1.0,0.0,0.0,0.0,0.0,0.0,0.0,0.0,0.0,1.0,0.0,8132.186751970481,12400
-0.6713772673882478,-1.3041123405261807,0.1646567620992441,-0.7524365054758928,-1.5659273773641966,2.014413507471026,-0.4916278749224518,0.0,0.0,1.0,0.0,0.0,0.0,0.0,0.0,0.0,0.0,1.0,0.0,7814.853084503166,11824
-0.2300867981480135,-1.5938252494052143,-0.2542441323030619,-0.2111590978929389,-1.7217619102057775,1.50306210487884,-0.3207581802759497,0.0,0.0,1.0,0.0,0.0,1.0,0.0,0.0,0.0,0.0,0.0,0.0,7438.151162238768,9579
0.6524941403324551,-0.7246865227681133,-1.3990643554802218,0.469802801969487,0.4116870513158643,-1.1028633121774891,0.619025140279822,0.0,1.0,0.0,0.0,0.0,0.0,1.0,0.0,0.0,0.0,0.0,0.0,8150.545133194645,3642
1.5350750788129237,-0.4349736138890795,0.7977345805898989,1.5174364940655267,0.1167145427228724,-0.6701813561379478,1.3025039188658378,0.0,0.0,0.0,1.0,0.0,0.0,0.0,0.0,0.0,0.0,0.0,1.0,9046.259233046923,3523
1.5350750788129237,-1.3041123405261807,0.5976695660647485,1.6745815478799322,0.0406524493121007,0.5885297887043549,1.729678155482096,0.0,0.0,0.0,1.0,0.0,0.0,0.0,0.0,0.0,0.0,0.0,1.0,8659.20626844042,12554
-1.112667736628482,-1.3041123405261807,1.8958302036822108,-1.0667266131047048,0.6658457536884428,1.4833947432406795,-1.5168460428014756,0.0,0.0,0.0,1.0,0.0,0.0,0.0,0.0,0.0,1.0,0.0,0.0,7352.738827464628,11380
1.0937846095726895,0.1444522038689879,-0.2140015576635109,0.9936196480175068,0.9496872242213223,-0.2079983576411646,0.789894834926326,0.0,0.0,0.0,1.0,0.0,1.0,0.0,0.0,0.0,0.0,0.0,0.0,8226.169627316407,8561
